{
	"format_version": "1.12.0",
	"minecraft:geometry": [
		{
			"description": {
				"identifier": "geometry.cauldron_hand",
				"texture_width": 64,
				"texture_height": 64,
				"visible_bounds_width": 2,
				"visible_bounds_height": 3.5,
				"visible_bounds_offset": [0, 1.25, 0]
			},
			"bones": [
				{
					"name": "rightitem",
					"pivot": [0, 8, 0],
					"cubes": [
						{
							"origin": [-6, 0, -6],
							"size": [12, 1, 12],
							"uv": {
								"north": {"uv": [12, 44], "uv_size": [12, 1]},
								"east": {"uv": [0, 44], "uv_size": [12, 1]},
								"south": {"uv": [36, 44], "uv_size": [12, 1]},
								"west": {"uv": [24, 44], "uv_size": [12, 1]},
								"up": {"uv": [12, 32], "uv_size": [12, 12]},
								"down": {"uv": [24, 44], "uv_size": [12, -12]}
							}
						},
						{
							"origin": [-6, 21, -1.5],
							"size": [12, 3, 3],
							"uv": {
								"north": {"uv": [3, 29], "uv_size": [12, 3]},
								"east": {"uv": [0, 29], "uv_size": [3, 3]},
								"south": {"uv": [18, 29], "uv_size": [12, 3]},
								"west": {"uv": [15, 29], "uv_size": [3, 3]},
								"up": {"uv": [3, 26], "uv_size": [12, 3]},
								"down": {"uv": [15, 29], "uv_size": [12, -3]}
							}
						},
						{
							"origin": [-3, 14, -1],
							"size": [2, 7, 2],
							"uv": {
								"north": {"uv": [18, 2], "uv_size": [2, 7]},
								"east": {"uv": [16, 2], "uv_size": [2, 7]},
								"south": {"uv": [22, 2], "uv_size": [2, 7]},
								"west": {"uv": [20, 2], "uv_size": [2, 7]},
								"up": {"uv": [18, 0], "uv_size": [2, 2]},
								"down": {"uv": [20, 2], "uv_size": [2, -2]}
							}
						},
						{
							"origin": [1, 14, -1],
							"size": [2, 7, 2],
							"uv": {
								"north": {"uv": [50, 18], "uv_size": [2, 7]},
								"east": {"uv": [48, 18], "uv_size": [2, 7]},
								"south": {"uv": [54, 18], "uv_size": [2, 7]},
								"west": {"uv": [52, 18], "uv_size": [2, 7]},
								"up": {"uv": [50, 16], "uv_size": [2, 2]},
								"down": {"uv": [52, 18], "uv_size": [2, -2]}
							}
						},
						{
							"origin": [-4, 12, -1],
							"size": [8, 2, 2],
							"uv": {
								"north": {"uv": [2, 50], "uv_size": [8, 2]},
								"east": {"uv": [0, 50], "uv_size": [2, 2]},
								"south": {"uv": [12, 50], "uv_size": [8, 2]},
								"west": {"uv": [10, 50], "uv_size": [2, 2]},
								"up": {"uv": [2, 48], "uv_size": [8, 2]},
								"down": {"uv": [10, 50], "uv_size": [8, -2]}
							}
						},
						{
							"origin": [-1, 24, -1],
							"size": [2, 7, 2],
							"uv": {
								"north": {"uv": [2, 2], "uv_size": [2, 7]},
								"east": {"uv": [0, 2], "uv_size": [2, 7]},
								"south": {"uv": [6, 2], "uv_size": [2, 7]},
								"west": {"uv": [4, 2], "uv_size": [2, 7]},
								"up": {"uv": [2, 0], "uv_size": [2, 2]},
								"down": {"uv": [4, 2], "uv_size": [2, -2]}
							}
						},
						{
							"origin": [-4, 24, -4],
							"size": [8, 8, 8],
							"uv": {
								"north": {"uv": [40, 8], "uv_size": [8, 8]},
								"east": {"uv": [32, 8], "uv_size": [8, 8]},
								"south": {"uv": [56, 8], "uv_size": [8, 8]},
								"west": {"uv": [48, 8], "uv_size": [8, 8]},
								"up": {"uv": [40, 0], "uv_size": [8, 8]},
								"down": {"uv": [48, 8], "uv_size": [8, -8]}
							}
						},
						{
							"origin": [5, 12, -1],
							"size": [2, 12, 2],
							"uv": {
								"north": {"uv": [36, 18], "uv_size": [-2, 12]},
								"east": {"uv": [38, 18], "uv_size": [-2, 12]},
								"south": {"uv": [40, 18], "uv_size": [-2, 12]},
								"west": {"uv": [34, 18], "uv_size": [-2, 12]},
								"up": {"uv": [36, 16], "uv_size": [-2, 2]},
								"down": {"uv": [38, 18], "uv_size": [-2, -2]}
							}
						},
						{
							"origin": [0.9, 1, -1],
							"size": [2, 11, 2],
							"uv": {
								"north": {"uv": [44, 18], "uv_size": [-2, 11]},
								"east": {"uv": [46, 18], "uv_size": [-2, 11]},
								"south": {"uv": [48, 18], "uv_size": [-2, 11]},
								"west": {"uv": [42, 18], "uv_size": [-2, 11]},
								"up": {"uv": [44, 16], "uv_size": [-2, 2]},
								"down": {"uv": [46, 18], "uv_size": [-2, -2]}
							}
						},
						{
							"origin": [-7, 12, -1],
							"size": [2, 12, 2],
							"uv": {
								"north": {"uv": [26, 2], "uv_size": [2, 12]},
								"east": {"uv": [24, 2], "uv_size": [2, 12]},
								"south": {"uv": [30, 2], "uv_size": [2, 12]},
								"west": {"uv": [28, 2], "uv_size": [2, 12]},
								"up": {"uv": [26, 0], "uv_size": [2, 2]},
								"down": {"uv": [28, 2], "uv_size": [2, -2]}
							}
						},
						{
							"origin": [-2.9, 1, -1],
							"size": [2, 11, 2],
							"uv": {
								"north": {"uv": [10, 2], "uv_size": [2, 11]},
								"east": {"uv": [8, 2], "uv_size": [2, 11]},
								"south": {"uv": [14, 2], "uv_size": [2, 11]},
								"west": {"uv": [12, 2], "uv_size": [2, 11]},
								"up": {"uv": [10, 0], "uv_size": [2, 2]},
								"down": {"uv": [12, 2], "uv_size": [2, -2]}
							}
						}
					]
				}
			]
		}
	]
}