{
	"format_version": "1.12.0",
	"minecraft:geometry": [
		{
			"description": {
				"identifier": "geometry.bamboo",
				"texture_width": 16,
				"texture_height": 16,
				"visible_bounds_width": 3,
				"visible_bounds_height": 2.5,
				"visible_bounds_offset": [0, 0.75, 0]
			},
			"bones": [
				{
					"name": "rightItem",
					"pivot": [-4.5, 16, 1],
					"cubes": [
						{
							"origin": [-6, 5.34286, -9.25714],
							"size": [3, 16, 3],
							"pivot": [-4, 15.2, -7.25714],
							"rotation": [77.5, 0, 0],
							"uv": {
								"north": {"uv": [0, 0], "uv_size": [3, 16]},
								"east": {"uv": [9, 0], "uv_size": [3, 16]},
								"south": {"uv": [6, 0], "uv_size": [3, 16]},
								"west": {"uv": [3, 0], "uv_size": [3, 16]},
								"up": {"uv": [16, 3], "uv_size": [-3, -3]},
								"down": {"uv": [16, 7], "uv_size": [-3, -3]}
							}
						},
						{
							"origin": [-3.2, 11.6, -8.4],
							"size": [0, 1, 2],
							"pivot": [-4, 13.6, -7.25714],
							"rotation": [12.5, 0, -180],
							"uv": {
								"north": {"uv": [13.33333, 5.33333], "uv_size": [0, 1.33333]},
								"east": {"uv": [10.66667, 5.33333], "uv_size": [2.66667, 1.33333]},
								"south": {"uv": [16, 5.33333], "uv_size": [0, 1.33333]},
								"west": {"uv": [7, 5], "uv_size": [2, 1]},
								"up": {"uv": [13.33333, 2.66667], "uv_size": [0, 2.66667]},
								"down": {"uv": [13.33333, 5.33333], "uv_size": [0, -2.66667]}
							}
						}
					]
				}
			]
		}
	]
}