{
	"format_version": "1.12.0",
	"minecraft:geometry": [
		{
			"description": {
				"identifier": "geometry.bell",
				"texture_width": 32,
				"texture_height": 32,
				"visible_bounds_width": 3,
				"visible_bounds_height": 3,
				"visible_bounds_offset": [0, 0.5, 0]
			},
			"bones": [
				{
					"name": "rightItem",
					"pivot": [-6, 14.5, 1],
					"cubes": [
						{
							"origin": [-8.8, 4.4, 1],
							"size": [6, 6, 6],
							"pivot": [0.2, 0, 0],
							"rotation": [17.5, 0, 0],
							"uv": {
								"north": {"uv": [0, 6], "uv_size": [6, 7]},
								"east": {"uv": [0, 6], "uv_size": [6, 7]},
								"south": {"uv": [0, 6], "uv_size": [6, 7]},
								"west": {"uv": [0, 6], "uv_size": [6, 7]},
								"up": {"uv": [12, 6], "uv_size": [-6, -6]},
								"down": {"uv": [18, 6], "uv_size": [-6, -6]}
							}
						},
						{
							"origin": [-6.8, 11.0752, -1.61318],
							"size": [2, 2, 3],
							"pivot": [-5.8, 12.0752, 0.38682],
							"rotation": [-72.5, 0, 0],
							"uv": {
								"north": {"uv": [29, 15], "uv_size": [3, 3]},
								"east": {"uv": [24, 18], "uv_size": [8, 3]},
								"south": {"uv": [29, 15], "uv_size": [3, 3]},
								"west": {"uv": [24, 18], "uv_size": [8, 3]},
								"up": {"uv": [27, 18], "uv_size": [-3, -8]},
								"down": {"uv": [27, 18], "uv_size": [-3, -8]}
							}
						},
						{
							"origin": [-9.8, 2.4, 0],
							"size": [8, 2, 8],
							"pivot": [0.2, 0, 0],
							"rotation": [17.5, 0, 0],
							"uv": {
								"north": {"uv": [0, 21], "uv_size": [8, 2]},
								"east": {"uv": [0, 21], "uv_size": [8, 2]},
								"south": {"uv": [0, 21], "uv_size": [8, 2]},
								"west": {"uv": [0, 21], "uv_size": [8, 2]},
								"up": {"uv": [24, 21], "uv_size": [-8, -8]},
								"down": {"uv": [16, 21], "uv_size": [-8, -8]}
							}
						}
					]
				}
			]
		}
	]
}