{
	"format_version": "1.14.0",
	"minecraft:geometry": [
		{
			"description": {
				"identifier": "geometry.boat_hand",
				"texture_width": 128,
				"texture_height": 64,
				"visible_bounds_width": 4,
				"visible_bounds_height": 2.5,
				"visible_bounds_offset": [0, 0.75, 0]
			},
			"bones": [
				{
					"name": "rightitem",
					"pivot": [0, 0, -2],
					"rotation": [0, -12.5, 0]
				},
				{
					"name": "bone",
					"parent": "rightitem",
					"pivot": [0, 0, -8],
					"rotation": [0, 90, 0]
				},
				{
					"name": "front",
					"parent": "bone",
					"pivot": [15, 6, -8],
					"rotation": [0, 90, 0],
					"mirror": true,
					"cubes": [
						{"origin": [7, 3, -9], "size": [16, 6, 2], "uv": [0, 27]}
					]
				},
				{
					"name": "bottom",
					"parent": "bone",
					"pivot": [0, 0, -8],
					"rotation": [90, 0, 0],
					"mirror": true,
					"cubes": [
						{"origin": [-14, -8, -8], "size": [28, 16, 3], "uv": [0, 0]}
					]
				},
				{
					"name": "back",
					"parent": "bone",
					"pivot": [-15, 6, -8],
					"rotation": [0, -90, 0],
					"mirror": true,
					"cubes": [
						{"origin": [-24, 3, -9], "size": [18, 6, 2], "uv": [0, 19]}
					]
				},
				{
					"name": "right",
					"parent": "bone",
					"pivot": [0, 6, -17],
					"rotation": [0, -180, 0],
					"mirror": true,
					"cubes": [
						{"origin": [-14, 3, -18], "size": [28, 6, 2], "uv": [0, 35]}
					]
				},
				{
					"name": "left",
					"parent": "bone",
					"pivot": [0, 6, 1],
					"mirror": true,
					"cubes": [
						{"origin": [-14, 3, 0], "size": [28, 6, 2], "uv": [0, 43]}
					]
				},
				{
					"name": "paddle_left",
					"parent": "bone",
					"pivot": [-2.5, 10, 1],
					"rotation": [-30, 0, 0],
					"mirror": true,
					"cubes": [
						{"origin": [-3.5, 9, -4.5], "size": [2, 2, 18], "uv": [62, 0]},
						{"origin": [-2.51, 8, 9.5], "size": [1, 6, 7], "uv": [62, 0]}
					]
				},
				{
					"name": "paddle_right",
					"parent": "bone",
					"pivot": [-2.5, 10, -17],
					"rotation": [-30, 180, 0],
					"mirror": true,
					"cubes": [
						{"origin": [-3.5, 9, -22.5], "size": [2, 2, 18], "uv": [62, 20]},
						{"origin": [-3.49, 8, -8.5], "size": [1, 6, 7], "uv": [62, 20]}
					]
				}
			]
		}
	]
}