{
	"format_version": "1.14.0",
	"minecraft:geometry": [
		{
			"description": {
				"identifier": "geometry.book_hand",
				"texture_width": 64,
				"texture_height": 32,
				"visible_bounds_width": 2,
				"visible_bounds_height": 2.5,
				"visible_bounds_offset": [0, 0.75, 0]
			},
			"bones": [
				{
					"name": "rightitem",
					"pivot": [0, 0, 0],
					"cubes": [
						{
							"origin": [-3, 0, 1],
							"size": [6, 10, 1],
							"inflate": 0.01,
							"uv": {
								"north": {"uv": [0, 0], "uv_size": [6, 10]},
								"east": {"uv": [0, 0], "uv_size": [0, 10]},
								"south": {"uv": [6, 0], "uv_size": [6, 10]},
								"west": {"uv": [6, 0], "uv_size": [0, 10]},
								"up": {"uv": [0, 0], "uv_size": [6, 0]},
								"down": {"uv": [3, 10], "uv_size": [6, 0]}
							}
						},
						{
							"origin": [-2, 1, 0],
							"size": [5, 8, 1],
							"uv": {
								"north": {"uv": [1, 11], "uv_size": [5, 8]},
								"east": {"uv": [0, 11], "uv_size": [1, 8]},
								"west": {"uv": [6, 11], "uv_size": [1, 8]},
								"up": {"uv": [1, 11], "uv_size": [5, -1]},
								"down": {"uv": [6, 10], "uv_size": [5, 1]}
							}
						},
						{
							"origin": [3, 1, -2],
							"size": [5, 8, 1],
							"pivot": [3, 5, -1],
							"rotation": [0, 180, 0],
							"uv": {
								"north": {"uv": [6, 11], "uv_size": [-5, 8]},
								"east": {"uv": [7, 11], "uv_size": [-1, 8]},
								"west": {"uv": [1, 11], "uv_size": [-1, 8]},
								"up": {"uv": [6, 11], "uv_size": [-5, -1]},
								"down": {"uv": [11, 10], "uv_size": [-5, 1]}
							}
						},
						{
							"origin": [2, 0, 1],
							"size": [4, 10, 1],
							"inflate": 0.01,
							"pivot": [3, 5, 1],
							"rotation": [0, 90, 0],
							"uv": {
								"north": {"uv": [14, 0], "uv_size": [2, 10]},
								"east": {"uv": [10, 0], "uv_size": [0, 10]},
								"south": {"uv": [12, 0], "uv_size": [2, 10]},
								"west": {"uv": [12, 0], "uv_size": [0, 10]},
								"up": {"uv": [13, 0], "uv_size": [2, 0]},
								"down": {"uv": [12, 0], "uv_size": [2, 0]}
							}
						},
						{
							"origin": [3, 0, -1],
							"size": [6, 10, 1],
							"inflate": 0.01,
							"pivot": [3, 5, -1],
							"rotation": [0, 180, 0],
							"uv": {
								"north": {"uv": [6, 0], "uv_size": [-6, 10]},
								"east": {"uv": [6, 0], "uv_size": [0, 10]},
								"south": {"uv": [12, 0], "uv_size": [-6, 10]},
								"west": {"uv": [0, 0], "uv_size": [0, 10]},
								"up": {"uv": [6, 0], "uv_size": [-6, 0]},
								"down": {"uv": [9, 0], "uv_size": [-6, 0]}
							}
						}
					]
				}
			]
		}
	]
}