{
	"format_version": "1.12.0",
	"minecraft:geometry": [
		{
			"description": {
				"identifier": "geometry.bowl",
				"texture_width": 16,
				"texture_height": 16,
				"visible_bounds_width": 3,
				"visible_bounds_height": 2.5,
				"visible_bounds_offset": [0, 0.75, 0]
			},
			"bones": [
				{
					"name": "rightItem",
					"pivot": [-4, 16, 1],
					"cubes": [
						{
							"origin": [-8, 11.02865, -4.41877],
							"size": [7, 7, 1],
							"pivot": [-4.5, 14.52865, -3.91877],
							"rotation": [-102.5, 0, 0],
							"uv": {
								"north": {"uv": [0, 5], "uv_size": [11, 11]},
								"east": {"uv": [7, 6], "uv_size": [2, 10]},
								"south": {"uv": [0, 0], "uv_size": [10, 10]},
								"west": {"uv": [6, 6], "uv_size": [2, 10]},
								"up": {"uv": [16, 8], "uv_size": [-10, -2]},
								"down": {"uv": [16, 8], "uv_size": [-10, -2]}
							}
						},
						{
							"origin": [-2, 6.34286, -8.25714],
							"size": [1, 7, 1],
							"pivot": [-4, 15.2, -9.25714],
							"rotation": [77.5, 0, 0],
							"uv": {
								"north": {"uv": [7, 6], "uv_size": [2, 10]},
								"east": {"uv": [5, 6], "uv_size": [2, 10]},
								"south": {"uv": [9, 6], "uv_size": [2, 10]},
								"west": {"uv": [8, 6], "uv_size": [2, 10]},
								"up": {"uv": [9, 8], "uv_size": [-2, -2]},
								"down": {"uv": [9, 16], "uv_size": [-2, -2]}
							}
						},
						{
							"origin": [-8, 6.34286, -8.25714],
							"size": [1, 7, 1],
							"pivot": [-4, 15.2, -9.25714],
							"rotation": [77.5, 0, 0],
							"uv": {
								"north": {"uv": [7, 6], "uv_size": [2, 10]},
								"east": {"uv": [12, 6], "uv_size": [2, 10]},
								"south": {"uv": [3, 6], "uv_size": [2, 10]},
								"west": {"uv": [8, 6], "uv_size": [2, 10]},
								"up": {"uv": [9, 8], "uv_size": [-2, -2]},
								"down": {"uv": [9, 16], "uv_size": [-2, -2]}
							}
						},
						{
							"origin": [-2, 13.00495, -4.20233],
							"size": [1, 5, 1],
							"pivot": [-4.5, 15.50495, -3.70233],
							"rotation": [0, 77.5, -90],
							"uv": {
								"north": {"uv": [8, 8], "uv_size": [2, 8]},
								"east": {"uv": [8, 8], "uv_size": [2, 8]},
								"south": {"uv": [8, 8], "uv_size": [2, 8]},
								"west": {"uv": [8, 8], "uv_size": [2, 8]},
								"up": {"uv": [10, 16], "uv_size": [-2, -8]},
								"down": {"uv": [10, 16], "uv_size": [-2, -8]}
							}
						},
						{
							"origin": [-8, 13.00495, -4.20233],
							"size": [1, 5, 1],
							"pivot": [-4.5, 15.50495, -3.70233],
							"rotation": [0, 77.5, -90],
							"uv": {
								"north": {"uv": [8, 8], "uv_size": [2, 8]},
								"east": {"uv": [8, 8], "uv_size": [2, 8]},
								"south": {"uv": [8, 8], "uv_size": [2, 8]},
								"west": {"uv": [8, 8], "uv_size": [2, 8]},
								"up": {"uv": [10, 16], "uv_size": [-2, -8]},
								"down": {"uv": [10, 16], "uv_size": [-2, -8]}
							}
						}
					]
				}
			]
		}
	]
}