{
	"format_version": "1.12.0",
	"minecraft:geometry": [
		{
			"description": {
				"identifier": "geometry.cake_hand",
				"texture_width": 64,
				"texture_height": 64,
				"visible_bounds_width": 2,
				"visible_bounds_height": 2.5,
				"visible_bounds_offset": [0, 0.75, 0]
			},
			"bones": [
				{
					"name": "rightitem",
					"pivot": [0, 8, 0],
					"cubes": [
						{
							"origin": [-7, 9, -6],
							"size": [14, 7, 14],
							"uv": {
								"north": {"uv": [34, 16], "uv_size": [28, 16]},
								"east": {"uv": [34, 16], "uv_size": [28, 16]},
								"south": {"uv": [34, 16], "uv_size": [28, 16]},
								"west": {"uv": [34, 16], "uv_size": [28, 16]},
								"up": {"uv": [30, 62], "uv_size": [-28, -28]},
								"down": {"uv": [30, 30], "uv_size": [-28, -28]}
							}
						}
					]
				}
			]
		}
	]
}