{
	"format_version": "1.14.0",
	"minecraft:geometry": [
		{
			"description": {
				"identifier": "geometry.campfire_hand",
				"texture_width": 32,
				"texture_height": 32,
				"visible_bounds_width": 2,
				"visible_bounds_height": 3.5,
				"visible_bounds_offset": [0, 1.25, 0]
			},
			"bones": [
				{
					"name": "rightitem",
					"pivot": [0, 8, 0],
					"cubes": [
						{
							"origin": [-7, 10.1, -4],
							"size": [14, 1, 8],
							"uv": {
								"north": {"uv": [0, 16], "uv_size": [32, 8]},
								"east": {"uv": [16, 31], "uv_size": [8, 1]},
								"south": {"uv": [0, 0], "uv_size": [32, 8]},
								"west": {"uv": [16, 31], "uv_size": [8, 1]},
								"up": {"uv": [32, 32], "uv_size": [-16, -8]},
								"down": {"uv": [32, 32], "uv_size": [-16, -8]}
							}
						},
						{
							"origin": [-7, 11.1, 0],
							"size": [14, 14, 0],
							"pivot": [0, 0, 0],
							"rotation": [0, -50, 0],
							"uv": {
								"north": {"uv": [0, 16], "uv_size": [16, 16]},
								"east": {"uv": [0, 16], "uv_size": [16, 16]},
								"south": {"uv": [16, 0], "uv_size": [16, 16]},
								"west": {"uv": [0, 16], "uv_size": [16, 16]},
								"up": {"uv": [16, 32], "uv_size": [-16, -16]},
								"down": {"uv": [16, 32], "uv_size": [-16, -16]}
							}
						},
						{
							"origin": [-7, 11.1, 0],
							"size": [14, 14, 0],
							"pivot": [0, 0, 0],
							"rotation": [0, 50, 0],
							"uv": {
								"north": {"uv": [16, 0], "uv_size": [16, 16]},
								"east": {"uv": [0, 16], "uv_size": [16, 16]},
								"south": {"uv": [16, 0], "uv_size": [16, 16]},
								"west": {"uv": [0, 16], "uv_size": [16, 16]},
								"up": {"uv": [16, 32], "uv_size": [-16, -16]},
								"down": {"uv": [16, 32], "uv_size": [-16, -16]}
							}
						},
						{
							"origin": [-8, 14, 3],
							"size": [16, 4, 4],
							"pivot": [0, 0, 0],
							"rotation": [0, 90, 0],
							"uv": {
								"north": {"uv": [16, 16], "uv_size": [16, 4]},
								"east": {"uv": [0, 4], "uv_size": [4, 4]},
								"south": {"uv": [16, 16], "uv_size": [16, 4]},
								"west": {"uv": [0, 4], "uv_size": [4, 4]},
								"up": {"uv": [16, 4], "uv_size": [-16, -4]},
								"down": {"uv": [32, 24], "uv_size": [-16, -4]}
							}
						},
						{
							"origin": [-8, 14, -7],
							"size": [16, 4, 4],
							"pivot": [0, 0, 0],
							"rotation": [0, 90, 0],
							"uv": {
								"north": {"uv": [16, 16], "uv_size": [16, 4]},
								"east": {"uv": [0, 4], "uv_size": [4, 4]},
								"south": {"uv": [16, 16], "uv_size": [16, 4]},
								"west": {"uv": [0, 4], "uv_size": [4, 4]},
								"up": {"uv": [16, 4], "uv_size": [-16, -4]},
								"down": {"uv": [32, 24], "uv_size": [-16, -4]}
							}
						},
						{
							"origin": [-8, 10, -7],
							"size": [16, 4, 4],
							"pivot": [0, 0, 0],
							"rotation": [-180, 0, 180],
							"uv": {
								"north": {"uv": [0, 0], "uv_size": [16, 4]},
								"east": {"uv": [0, 4], "uv_size": [4, 4]},
								"south": {"uv": [16, 20], "uv_size": [16, 4]},
								"west": {"uv": [0, 4], "uv_size": [4, 4]},
								"up": {"uv": [16, 4], "uv_size": [-16, -4]},
								"down": {"uv": [16, 4], "uv_size": [-16, -4]}
							}
						},
						{
							"origin": [-8, 10, 3],
							"size": [16, 4, 4],
							"pivot": [0, 0, 0],
							"rotation": [-180, 0, 180],
							"uv": {
								"north": {"uv": [16, 20], "uv_size": [16, 4]},
								"east": {"uv": [0, 4], "uv_size": [4, 4]},
								"south": {"uv": [0, 0], "uv_size": [16, 4]},
								"west": {"uv": [0, 4], "uv_size": [4, 4]},
								"up": {"uv": [16, 4], "uv_size": [-16, -4]},
								"down": {"uv": [16, 4], "uv_size": [-16, -4]}
							}
						}
					]
				}
			]
		}
	]
}