{
	"format_version": "1.12.0",
	"minecraft:geometry": [
		{
			"description": {
				"identifier": "geometry.door_alt",
				"texture_width": 32,
				"texture_height": 16,
				"visible_bounds_width": 3,
				"visible_bounds_height": 2.5,
				"visible_bounds_offset": [0, 0.75, 0]
			},
			"bones": [
				{
					"name": "rightItem",
					"pivot": [-4, 16, 1],
					"cubes": [
						{
							"origin": [-4.5, 6.34286, -17.25714],
							"size": [1, 10, 10],
							"pivot": [-3.5, 15.2, -8.25714],
							"rotation": [77.5, 0, 0],
							"uv": {
								"north": {"uv": [15, 0], "uv_size": [2, 16]},
								"east": {"uv": [16, 0], "uv_size": [16, 16]},
								"south": {"uv": [30, 0], "uv_size": [2, 16]},
								"west": {"uv": [16, 0], "uv_size": [16, 16]},
								"up": {"uv": [18, 16], "uv_size": [-1, -16]},
								"down": {"uv": [18, 16], "uv_size": [-4, -2]}
							}
						},
						{
							"origin": [-4.5, -3.65714, -17.25714],
							"size": [1, 10, 10],
							"pivot": [-3.5, 15.2, -8.25714],
							"rotation": [77.5, 0, 0],
							"uv": {
								"north": {"uv": [15, 0], "uv_size": [2, 16]},
								"east": {"uv": [0, 0], "uv_size": [16, 16]},
								"south": {"uv": [14, 0], "uv_size": [2, 16]},
								"west": {"uv": [0, 0], "uv_size": [16, 16]},
								"up": {"uv": [18, 8], "uv_size": [-4, -2]},
								"down": {"uv": [2, 16], "uv_size": [-1, -16]}
							}
						}
					]
				}
			]
		}
	]
}