{
	"format_version": "1.12.0",
	"minecraft:geometry": [
		{
			"description": {
				"identifier": "geometry.door_hand",
				"texture_width": 32,
				"texture_height": 16,
				"visible_bounds_width": 2,
				"visible_bounds_height": 3.5,
				"visible_bounds_offset": [0, 1.25, 0]
			},
			"bones": [
				{
					"name": "rightitem",
					"pivot": [-1, 2, 1],
					"rotation": [-32.5, 0, 0],
					"cubes": [
						{
							"origin": [-7, 0, -1],
							"size": [8, 8, 1],
							"pivot": [0, 0, -1],
							"rotation": [89.99999, -70, -89.99999],
							"uv": {
								"north": {"uv": [0, 0], "uv_size": [16, 16]},
								"east": {"uv": [14, 0], "uv_size": [2, 16]},
								"south": {"uv": [0, 0], "uv_size": [16, 16]},
								"west": {"uv": [0, 0], "uv_size": [2, 16]},
								"up": {"uv": [12, 13], "uv_size": [-1, -12]},
								"down": {"uv": [16, 16], "uv_size": [-16, -2]}
							}
						},
						{
							"origin": [-7, 8, -1],
							"size": [8, 8, 1],
							"pivot": [0, 0, -1],
							"rotation": [89.99999, -70, -89.99999],
							"uv": {
								"north": {"uv": [16, 0], "uv_size": [16, 16]},
								"east": {"uv": [14, 0], "uv_size": [2, 16]},
								"south": {"uv": [16, 0], "uv_size": [16, 16]},
								"west": {"uv": [0, 0], "uv_size": [2, 16]},
								"up": {"uv": [32, 2], "uv_size": [-16, -2]},
								"down": {"uv": [9, 13], "uv_size": [-2, -12]}
							}
						}
					]
				}
			]
		}
	]
}