{
	"format_version": "1.12.0",
	"minecraft:geometry": [
		{
			"description": {
				"identifier": "geometry.ender_pearl",
				"texture_width": 16,
				"texture_height": 16,
				"visible_bounds_width": 3,
				"visible_bounds_height": 2.5,
				"visible_bounds_offset": [0, 0.75, 0]
			},
			"bones": [
				{
					"name": "rightItem",
					"pivot": [-4, 16, 1],
					"cubes": [
						{
							"origin": [-8, 6.34286, -11.25714],
							"size": [7, 7, 7],
							"pivot": [-4, 15.2, -7.25714],
							"rotation": [77.5, 0, 0],
							"uv": {
								"north": {"uv": [4, 4], "uv_size": [9, 9]},
								"east": {"uv": [4, 4], "uv_size": [9, 9]},
								"south": {"uv": [4, 4], "uv_size": [9, 9]},
								"west": {"uv": [4, 4], "uv_size": [9, 9]},
								"up": {"uv": [13, 13], "uv_size": [-9, -9]},
								"down": {"uv": [13, 13], "uv_size": [-9, -9]}
							}
						}
					]
				}
			]
		}
	]
}