{
	"format_version": "1.12.0",
	"minecraft:geometry": [
		{
			"description": {
				"identifier": "geometry.flower_pot_hand",
				"texture_width": 32,
				"texture_height": 32,
				"visible_bounds_width": 2,
				"visible_bounds_height": 3.5,
				"visible_bounds_offset": [0, 1.25, 0]
			},
			"bones": [
				{
					"name": "rightitem",
					"pivot": [0, 8, -0.2],
					"cubes": [
						{
							"origin": [-6, 6.1, -8.2],
							"size": [12, 12, 12],
							"uv": {
								"north": {"uv": [10, 20], "uv_size": [12, 12]},
								"east": {"uv": [10, 20], "uv_size": [12, 12]},
								"south": {"uv": [10, 20], "uv_size": [12, 12]},
								"west": {"uv": [10, 20], "uv_size": [12, 12]},
								"up": {"uv": [22, 22], "uv_size": [-12, -12]},
								"down": {"uv": [22, 32], "uv_size": [-12, -12]}
							}
						}
					]
				}
			]
		}
	]
}