{
	"format_version": "1.12.0",
	"minecraft:geometry": [
		{
			"description": {
				"identifier": "geometry.hoe_item_hand",
				"texture_width": 32,
				"texture_height": 32,
				"visible_bounds_width": 4,
				"visible_bounds_height": 3.5,
				"visible_bounds_offset": [0, 1.25, 0]
			},
			"bones": [
				{
					"name": "rightitem",
					"pivot": [-6, 15, 0],
					"rotation": [90, -15, -90],
					"cubes": [
						{
							"origin": [-5.88456, 31.77469, -0.18045],
							"size": [1.94543, 1.94543, 0.42102],
							"inflate": 0.661,
							"pivot": [-5.36284, 33.8147, 0.1804],
							"rotation": [0, 0, 45],
							"uv": {
								"north": {"uv": [8, 0], "uv_size": [2, 2]},
								"east": {"uv": [10, 10], "uv_size": [0.5, 2]},
								"south": {"uv": [8, 2], "uv_size": [2, 2]},
								"west": {"uv": [11, 4], "uv_size": [0.5, 2]},
								"up": {"uv": [11, 6], "uv_size": [2, 0.5]},
								"down": {"uv": [11, 7.5], "uv_size": [2, -0.5]}
							}
						},
						{
							"origin": [8.57904, 44.84096, 0],
							"size": [0, 2.8097, 0],
							"inflate": 0.66,
							"pivot": [10.07521, 33.35204, 0.03006],
							"rotation": [0, 0, -85],
							"uv": {
								"north": {"uv": [9, 4], "uv_size": [-1, 3]},
								"east": {"uv": [10, 14], "uv_size": [-2, 4]},
								"south": {"uv": [8, 4], "uv_size": [1, 3]},
								"west": {"uv": [10.5, 7], "uv_size": [-0.5, -3]},
								"up": {"uv": [12, 8], "uv_size": [-1, 0.5]},
								"down": {"uv": [12, 9.5], "uv_size": [-1, -0.5]}
							}
						},
						{
							"origin": [15.72176, 48.84096, 0],
							"size": [0.85728, 1.2097, 0],
							"inflate": 0.66,
							"pivot": [10.07521, 33.35204, 0.03006],
							"rotation": [0, 0, -115],
							"uv": {
								"north": {"uv": [9, 4], "uv_size": [-1, 3]},
								"east": {"uv": [10, 14], "uv_size": [-2, 4]},
								"south": {"uv": [8, 4], "uv_size": [1, 3]},
								"west": {"uv": [10.5, 7], "uv_size": [-0.5, -3]},
								"up": {"uv": [12, 8], "uv_size": [-1, 0.5]},
								"down": {"uv": [12, 9.5], "uv_size": [-1, -0.5]}
							}
						},
						{
							"origin": [16.57904, 51.34096, 0],
							"size": [0, 0.8097, 0],
							"inflate": 0.66,
							"pivot": [10.07521, 33.35204, 0.03006],
							"rotation": [0, 0, -115],
							"uv": {
								"north": {"uv": [9, 4], "uv_size": [-1, 3]},
								"east": {"uv": [10, 14], "uv_size": [-2, 4]},
								"south": {"uv": [8, 4], "uv_size": [1, 1]},
								"west": {"uv": [10.5, 7], "uv_size": [-0.5, -3]},
								"up": {"uv": [12, 8], "uv_size": [-1, 0.5]},
								"down": {"uv": [12, 9.5], "uv_size": [-1, -0.5]}
							}
						},
						{
							"origin": [4.47904, 40.54096, 0],
							"size": [0, 1.8097, 0],
							"inflate": 0.66,
							"pivot": [10.07521, 33.35204, 0.03006],
							"rotation": [0, 0, -62.5],
							"uv": {
								"north": {"uv": [9, 4], "uv_size": [-1, 3]},
								"east": {"uv": [10, 14], "uv_size": [-2, 4]},
								"south": {"uv": [8, 4], "uv_size": [1, 3]},
								"west": {"uv": [10.5, 7], "uv_size": [-0.5, -3]},
								"up": {"uv": [12, 8], "uv_size": [-1, 0.5]},
								"down": {"uv": [12, 9.5], "uv_size": [-1, -0.5]}
							}
						}
					]
				},
				{
					"name": "stick",
					"parent": "rightitem",
					"pivot": [0, 0, 0],
					"cubes": [
						{
							"origin": [-6.42064, 12.38994, -0.69904],
							"size": [1.39808, 19.27008, 1.39808],
							"inflate": -0.01,
							"uv": {
								"north": {"uv": [6, 0], "uv_size": [1.5, 19.5]},
								"east": {"uv": [6, 0], "uv_size": [1.5, 19.5]},
								"south": {"uv": [6, 0], "uv_size": [1.5, 19.5]},
								"west": {"uv": [6, 0], "uv_size": [1.5, 19.5]},
								"up": {"uv": [10, 0], "uv_size": [1.5, 1.5]},
								"down": {"uv": [10, 3.5], "uv_size": [1.5, -1.5]}
							}
						}
					]
				}
			]
		}
	]
}


////////////////////////////////By Yahirx Rps/////////////////////////////////////////