{
	"format_version": "1.14.0",
	"minecraft:geometry": [
		{
			"description": {
				"identifier": "geometry.hopper_hand",
				"texture_width": 32,
				"texture_height": 32
			},
			"bones": [
				{
					"name": "rightitem",
					"pivot": [0, 8, 0],
					"cubes": [
						{
							"origin": [-8, 10, -8],
							"size": [16, 6, 16],
							"uv": {
								"north": {"uv": [16, 0], "uv_size": [16, 6]},
								"east": {"uv": [16, 0], "uv_size": [16, 6]},
								"south": {"uv": [16, 0], "uv_size": [16, 6]},
								"west": {"uv": [16, 0], "uv_size": [16, 6]},
								"up": {"uv": [0, 0], "uv_size": [16, 16]},
								"down": {"uv": [0, 32], "uv_size": [16, -16]}
							}
						},
						{
							"origin": [-5, 10, -8],
							"size": [0, 6, 16],
							"uv": {
								"north": {"uv": [16, 0], "uv_size": [16, 6]},
								"south": {"uv": [16, 0], "uv_size": [16, 6]},
								"west": {"uv": [16, 0], "uv_size": [16, 6]},
								"up": {"uv": [0, 0], "uv_size": [16, 16]},
								"down": {"uv": [0, 32], "uv_size": [16, -16]}
							}
						},
						{
							"origin": [5, 10, -8],
							"size": [0, 6, 16],
							"uv": {
								"north": {"uv": [16, 0], "uv_size": [16, 6]},
								"east": {"uv": [16, 0], "uv_size": [16, 6]},
								"south": {"uv": [16, 0], "uv_size": [16, 6]},
								"up": {"uv": [0, 0], "uv_size": [16, 16]},
								"down": {"uv": [0, 32], "uv_size": [16, -16]}
							}
						},
						{
							"origin": [-8, 10, 5],
							"size": [16, 6, 0],
							"uv": {
								"north": {"uv": [16, 0], "uv_size": [16, 6]},
								"east": {"uv": [16, 0], "uv_size": [16, 6]},
								"west": {"uv": [16, 0], "uv_size": [16, 6]},
								"up": {"uv": [0, 0], "uv_size": [16, 16]},
								"down": {"uv": [0, 32], "uv_size": [16, -16]}
							}
						},
						{
							"origin": [-8, 10, -5],
							"size": [16, 6, 0],
							"uv": {
								"east": {"uv": [16, 0], "uv_size": [16, 6]},
								"south": {"uv": [16, 0], "uv_size": [16, 6]},
								"west": {"uv": [16, 0], "uv_size": [16, 6]},
								"up": {"uv": [0, 0], "uv_size": [16, 16]},
								"down": {"uv": [0, 32], "uv_size": [16, -16]}
							}
						},
						{
							"origin": [-5, 4, -5],
							"size": [10, 6, 10],
							"uv": {
								"north": {"uv": [19, 6], "uv_size": [10, 6]},
								"east": {"uv": [19, 6], "uv_size": [10, 6]},
								"south": {"uv": [19, 6], "uv_size": [10, 6]},
								"west": {"uv": [19, 6], "uv_size": [10, 6]},
								"down": {"uv": [13, 29], "uv_size": [-10, -10]}
							}
						},
						{
							"origin": [-2, 0, -2],
							"size": [4, 4, 4],
							"uv": {
								"north": {"uv": [22, 12], "uv_size": [4, 4]},
								"east": {"uv": [22, 12], "uv_size": [4, 4]},
								"south": {"uv": [22, 12], "uv_size": [4, 4]},
								"west": {"uv": [22, 12], "uv_size": [4, 4]},
								"up": {"uv": [10, 26], "uv_size": [-4, -4]},
								"down": {"uv": [10, 26], "uv_size": [-4, -4]}
							}
						}
					]
				}
			]
		}
	]
}