{
	"format_version": "1.14.0",
	"minecraft:geometry": [
		{
			"description": {
				"identifier": "geometry.ingot_hand",
				"texture_width": 20,
				"texture_height": 20,
				"visible_bounds_width": 3,
				"visible_bounds_height": 3.5,
				"visible_bounds_offset": [0, 1.25, 0]
			},
			"bones": [
				{
					"name": "rightitem",
					"pivot": [0, 8, 0],
					"cubes": [
						{
							"origin": [-2.4, 3, -8],
							"size": [5, 2.6, 10],
							"uv": {
								"north": {"uv": [9, 5], "uv_size": [4, 2]},
								"east": {"uv": [0, 0], "uv_size": [4, 1]},
								"south": {"uv": [3, 17], "uv_size": [4, 2]},
								"west": {"uv": [7, 17], "uv_size": [2, 2]},
								"up": {"uv": [7, 17], "uv_size": [-4, -10]},
								"down": {"uv": [13, 17], "uv_size": [-4, -10]}
							}
						},
						{
							"origin": [-2.4, -7, -10.6],
							"size": [0, 10, 2.6],
							"pivot": [1.6, -2, -3],
							"rotation": [-90, 0, 0],
							"uv": {
								"north": {"uv": [9, 5], "uv_size": [4, 2]},
								"east": {"uv": [1, 7], "uv_size": [2, 10]},
								"south": {"uv": [3, 17], "uv_size": [4, 2]},
								"west": {"uv": [7, 17], "uv_size": [2, 2]},
								"up": {"uv": [7, 17], "uv_size": [-4, -10]},
								"down": {"uv": [13, 17], "uv_size": [-4, -10]}
							}
						},
						{
							"origin": [2.6, -7, 2],
							"size": [0, 10, 2.6],
							"pivot": [1.6, -2, -3],
							"rotation": [90, 0, 0],
							"uv": {
								"north": {"uv": [9, 5], "uv_size": [4, 2]},
								"east": {"uv": [1, 7], "uv_size": [2, 10]},
								"south": {"uv": [3, 17], "uv_size": [4, 2]},
								"west": {"uv": [7, 17], "uv_size": [2, 2]},
								"up": {"uv": [7, 17], "uv_size": [-4, -10]},
								"down": {"uv": [13, 17], "uv_size": [-4, -10]}
							}
						}
					]
				}
			]
		}
	]
}