{
	"format_version": "1.12.0",
	"minecraft:geometry": [
		{
			"description": {
				"identifier": "geometry.lantern",
				"texture_width": 24,
				"texture_height": 19,
				"visible_bounds_width": 3,
				"visible_bounds_height": 3,
				"visible_bounds_offset": [0, 0.5, 0]
			},
			"bones": [
				{
					"name": "rightItem",
					"pivot": [-6, 14.5, 1],
					"cubes": [
						{
							"origin": [-7, 8.5, -3],
							"size": [0, 4, 3],
							"pivot": [0, 0, 0],
							"rotation": [25, 45, 17.5],
							"uv": {
								"north": {"uv": [21, 3.00001], "uv_size": [0, 4]},
								"east": {"uv": [18, 3], "uv_size": [3, 4]},
								"south": {"uv": [24, 3.00001], "uv_size": [0, 4]},
								"west": {"uv": [16.5, 0.39583], "uv_size": [4.5, 1.58333]},
								"up": {"uv": [21, 0], "uv_size": [0, 3.00001]},
								"down": {"uv": [21, 3.00001], "uv_size": [0, -3]}
							}
						},
						{
							"origin": [-1, 8.5, 5.5],
							"size": [0, 4, 3],
							"pivot": [0, 0, 0],
							"rotation": [25, -45, -17.5],
							"uv": {
								"north": {"uv": [21, 3.00001], "uv_size": [0, 4]},
								"east": {"uv": [18, 3], "uv_size": [3, 4]},
								"south": {"uv": [24, 3.00001], "uv_size": [0, 4]},
								"west": {"uv": [16.5, 0.39583], "uv_size": [4.5, 1.58333]},
								"up": {"uv": [21, 0], "uv_size": [0, 3.00001]},
								"down": {"uv": [21, 3.00001], "uv_size": [0, -3]}
							}
						},
						{
							"origin": [-8, 7, 2],
							"size": [4, 2, 4],
							"pivot": [0, 0, 0],
							"rotation": [17.5, 0, 0],
							"uv": {
								"north": {"uv": [0, 4], "uv_size": [4, 2]},
								"east": {"uv": [0, 4], "uv_size": [4, 2]},
								"south": {"uv": [0, 4], "uv_size": [4, 2]},
								"west": {"uv": [0, 4], "uv_size": [4, 2]},
								"up": {"uv": [8, 4], "uv_size": [-4, -4]},
								"down": {"uv": [12, 4], "uv_size": [-4, -4]}
							}
						},
						{
							"origin": [-9, 0, 1],
							"size": [6, 7, 6],
							"pivot": [0, 0, 0],
							"rotation": [17.5, 0, 0],
							"uv": {
								"north": {"uv": [0, 12], "uv_size": [6, 7]},
								"east": {"uv": [0, 12], "uv_size": [6, 7]},
								"south": {"uv": [0, 12], "uv_size": [6, 7]},
								"west": {"uv": [0, 12], "uv_size": [6, 7]},
								"up": {"uv": [12, 11], "uv_size": [-6, -5]},
								"down": {"uv": [18, 12], "uv_size": [-6, -6]}
							}
						}
					]
				}
			]
		}
	]
}