{
	"format_version": "1.12.0",
	"minecraft:geometry": [
		{
			"description": {
				"identifier": "geometry.mushroom_bowl",
				"texture_width": 32,
				"texture_height": 32,
				"visible_bounds_width": 3,
				"visible_bounds_height": 2.5,
				"visible_bounds_offset": [0, 0.75, 0]
			},
			"bones": [
				{
					"name": "rightItem",
					"pivot": [-4, 16, 1],
					"cubes": [
						{
							"origin": [-8, 11.02865, -4.41877],
							"size": [7, 7, 1],
							"pivot": [-4.5, 14.52865, -3.91877],
							"rotation": [-102.5, 0, 0],
							"uv": {
								"north": {"uv": [0, 5], "uv_size": [11, 11]},
								"east": {"uv": [7, 6], "uv_size": [2, 10]},
								"south": {"uv": [0, 0], "uv_size": [10, 10]},
								"west": {"uv": [6, 6], "uv_size": [2, 10]},
								"up": {"uv": [16, 8], "uv_size": [-10, -2]},
								"down": {"uv": [16, 8], "uv_size": [-10, -2]}
							}
						},
						{
							"origin": [-7, 12.02865, -4.91877],
							"size": [5, 5, 1],
							"pivot": [-4.5, 14.52865, -3.91877],
							"rotation": [-102.5, 0, 0],
							"uv": {
								"north": {"uv": [11, 0], "uv_size": [5, 5]},
								"east": {"uv": [7, 6], "uv_size": [2, 10]},
								"south": {"uv": [0, 0], "uv_size": [10, 10]},
								"west": {"uv": [6, 6], "uv_size": [2, 10]},
								"up": {"uv": [16, 8], "uv_size": [-10, -2]},
								"down": {"uv": [16, 8], "uv_size": [-10, -2]}
							}
						},
						{
							"origin": [-6, 16.98088, -5.10405],
							"size": [5, 0, 5],
							"pivot": [-3.5, 16.98088, -2.60405],
							"rotation": [-81.32717, 18.74724, 7.09597],
							"uv": {
								"north": {"uv": [20, 11], "uv_size": [5, 5]},
								"east": {"uv": [7, 6], "uv_size": [2, 10]},
								"south": {"uv": [0, 0], "uv_size": [10, 10]},
								"west": {"uv": [6, 6], "uv_size": [2, 10]},
								"up": {"uv": [32, 16], "uv_size": [-16, -16]},
								"down": {"uv": [32, 0], "uv_size": [-16, 0]}
							}
						},
						{
							"origin": [-6, 16.98088, -5.10405],
							"size": [5, 0, 5],
							"pivot": [-3.5, 16.98088, -2.60405],
							"rotation": [-66.04492, -69.40949, -18.29345],
							"uv": {
								"north": {"uv": [20, 11], "uv_size": [5, 5]},
								"east": {"uv": [7, 6], "uv_size": [2, 10]},
								"south": {"uv": [0, 0], "uv_size": [10, 10]},
								"west": {"uv": [6, 6], "uv_size": [2, 10]},
								"up": {"uv": [32, 16], "uv_size": [-16, -16]},
								"down": {"uv": [32, 0], "uv_size": [-16, 0]}
							}
						},
						{
							"origin": [-8.21752, 17.64336, -6.55288],
							"size": [5, 0, 5],
							"pivot": [-5.71752, 17.64336, -4.05288],
							"rotation": [-117.56928, -34.22348, 16.36452],
							"uv": {
								"north": {"uv": [20, 11], "uv_size": [5, 5]},
								"east": {"uv": [7, 6], "uv_size": [2, 10]},
								"south": {"uv": [0, 0], "uv_size": [10, 10]},
								"west": {"uv": [6, 6], "uv_size": [2, 10]},
								"up": {"uv": [16, 32], "uv_size": [-16, -16]},
								"down": {"uv": [32, 0], "uv_size": [-16, 0]}
							}
						},
						{
							"origin": [-8.21752, 17.64336, -6.55288],
							"size": [5, 0, 5],
							"pivot": [-5.71752, 17.64336, -4.05288],
							"rotation": [121.51303, -42.934, 157.33333],
							"uv": {
								"north": {"uv": [20, 11], "uv_size": [5, 5]},
								"east": {"uv": [7, 6], "uv_size": [2, 10]},
								"south": {"uv": [0, 0], "uv_size": [10, 10]},
								"west": {"uv": [6, 6], "uv_size": [2, 10]},
								"up": {"uv": [16, 32], "uv_size": [-16, -16]},
								"down": {"uv": [32, 0], "uv_size": [-16, 0]}
							}
						},
						{
							"origin": [-2, 6.34286, -8.25714],
							"size": [1, 7, 1],
							"pivot": [-4, 15.2, -9.25714],
							"rotation": [77.5, 0, 0],
							"uv": {
								"north": {"uv": [7, 6], "uv_size": [2, 10]},
								"east": {"uv": [5, 6], "uv_size": [2, 10]},
								"south": {"uv": [9, 6], "uv_size": [2, 10]},
								"west": {"uv": [8, 6], "uv_size": [2, 10]},
								"up": {"uv": [9, 8], "uv_size": [-2, -2]},
								"down": {"uv": [9, 16], "uv_size": [-2, -2]}
							}
						},
						{
							"origin": [-8, 6.34286, -8.25714],
							"size": [1, 7, 1],
							"pivot": [-4, 15.2, -9.25714],
							"rotation": [77.5, 0, 0],
							"uv": {
								"north": {"uv": [7, 6], "uv_size": [2, 10]},
								"east": {"uv": [12, 6], "uv_size": [2, 10]},
								"south": {"uv": [3, 6], "uv_size": [2, 10]},
								"west": {"uv": [8, 6], "uv_size": [2, 10]},
								"up": {"uv": [9, 8], "uv_size": [-2, -2]},
								"down": {"uv": [9, 16], "uv_size": [-2, -2]}
							}
						},
						{
							"origin": [-2, 13.00495, -4.20233],
							"size": [1, 5, 1],
							"pivot": [-4.5, 15.50495, -3.70233],
							"rotation": [0, 77.5, -90],
							"uv": {
								"north": {"uv": [8, 8], "uv_size": [2, 8]},
								"east": {"uv": [8, 8], "uv_size": [2, 8]},
								"south": {"uv": [8, 8], "uv_size": [2, 8]},
								"west": {"uv": [8, 8], "uv_size": [2, 8]},
								"up": {"uv": [10, 16], "uv_size": [-2, -8]},
								"down": {"uv": [10, 16], "uv_size": [-2, -8]}
							}
						},
						{
							"origin": [-8, 13.00495, -4.20233],
							"size": [1, 5, 1],
							"pivot": [-4.5, 15.50495, -3.70233],
							"rotation": [0, 77.5, -90],
							"uv": {
								"north": {"uv": [8, 8], "uv_size": [2, 8]},
								"east": {"uv": [8, 8], "uv_size": [2, 8]},
								"south": {"uv": [8, 8], "uv_size": [2, 8]},
								"west": {"uv": [8, 8], "uv_size": [2, 8]},
								"up": {"uv": [10, 16], "uv_size": [-2, -8]},
								"down": {"uv": [10, 16], "uv_size": [-2, -8]}
							}
						}
					]
				}
			]
		}
	]
}