{
	"format_version": "1.12.0",
	"minecraft:geometry": [
		{
			"description": {
				"identifier": "geometry.snowball",
				"texture_width": 16,
				"texture_height": 16,
				"visible_bounds_width": 3,
				"visible_bounds_height": 2.5,
				"visible_bounds_offset": [0, 0.75, 0]
			},
			"bones": [
				{
					"name": "rightItem",
					"pivot": [-4, 16, 1],
					"cubes": [
						{
							"origin": [-7, 8.34286, -9.25714],
							"size": [5, 5, 5],
							"pivot": [-4, 15.2, -7.25714],
							"rotation": [77.5, 0, 0],
							"uv": {
								"north": {"uv": [4, 4], "uv_size": [8, 8]},
								"east": {"uv": [4, 4], "uv_size": [8, 8]},
								"south": {"uv": [4, 4], "uv_size": [8, 8]},
								"west": {"uv": [4, 4], "uv_size": [8, 8]},
								"up": {"uv": [12, 12], "uv_size": [-8, -8]},
								"down": {"uv": [12, 12], "uv_size": [-8, -8]}
							}
						}
					]
				}
			]
		}
	]
}