{
	"format_version": "1.12.0",
	"minecraft:geometry": [
		{
			"description": {
				"identifier": "geometry.torch",
				"texture_width": 12,
				"texture_height": 12,
				"visible_bounds_width": 3,
				"visible_bounds_height": 2.5,
				"visible_bounds_offset": [0, 0.75, 0]
			},
			"bones": [
				{
					"name": "rightItem",
					"pivot": [-4, 16, 1],
					"cubes": [
						{
							"origin": [-5, 6.34286, -8.25714],
							"size": [2, 10, 2],
							"pivot": [-4, 15.2, -7.25714],
							"rotation": [77.5, 0, 0],
							"uv": {
								"north": {"uv": [6, 2], "uv_size": [2, 10]},
								"east": {"uv": [6, 2], "uv_size": [2, 10]},
								"south": {"uv": [6, 2], "uv_size": [2, 10]},
								"west": {"uv": [6, 2], "uv_size": [2, 10]},
								"up": {"uv": [4, 2], "uv_size": [-2, -2]},
								"down": {"uv": [6, 2], "uv_size": [-2, -2]}
							}
						},
						{
							"origin": [-4.8, 16.34286, -8.25714],
							"size": [0, 1, 2],
							"pivot": [-4, 15.2, -7.25714],
							"rotation": [77.5, 0, 0],
							"uv": {
								"north": {"uv": [10, 3], "uv_size": [0, 1]},
								"east": {"uv": [8, 3], "uv_size": [2, 1]},
								"south": {"uv": [12, 3], "uv_size": [0, 1]},
								"west": {"uv": [8, 5], "uv_size": [2, 1]},
								"up": {"uv": [10, 1], "uv_size": [0, 2]},
								"down": {"uv": [10, 3], "uv_size": [0, -2]}
							}
						},
						{
							"origin": [-4.8, 16.34286, -8.25714],
							"size": [0, 1, 2],
							"pivot": [-4, 15.2, -7.25714],
							"rotation": [90, 12.5, 90],
							"uv": {
								"north": {"uv": [10, 3], "uv_size": [0, 1]},
								"east": {"uv": [8, 4], "uv_size": [2, 1]},
								"south": {"uv": [12, 3], "uv_size": [0, 1]},
								"west": {"uv": [8, 3], "uv_size": [2, 1]},
								"up": {"uv": [10, 1], "uv_size": [0, 2]},
								"down": {"uv": [10, 3], "uv_size": [0, -2]}
							}
						},
						{
							"origin": [-2.5, 18.1462, -3.81828],
							"size": [0, 2, 1],
							"pivot": [-2.5, 15.1462, -3.31828],
							"rotation": [90, 12.5, 90],
							"uv": {
								"north": {"uv": [10, 4], "uv_size": [0, 1]},
								"east": {"uv": [8, 5], "uv_size": [2, 1]},
								"south": {"uv": [12, 4], "uv_size": [0, 1]},
								"west": {"uv": [8, 3], "uv_size": [1, 2]},
								"up": {"uv": [10, 2], "uv_size": [0, 2]},
								"down": {"uv": [10, 4], "uv_size": [0, -2]}
							}
						},
						{
							"origin": [-2.5, 16.28998, -4.63108],
							"size": [0, 2, 1],
							"pivot": [-2.5, 13.78998, -4.13108],
							"rotation": [90, 12.5, 90],
							"uv": {
								"north": {"uv": [10, 4], "uv_size": [0, 1]},
								"east": {"uv": [8, 4], "uv_size": [2, 1]},
								"south": {"uv": [12, 4], "uv_size": [0, 1]},
								"west": {"uv": [11, 3], "uv_size": [1, 2]},
								"up": {"uv": [10, 2], "uv_size": [0, 2]},
								"down": {"uv": [10, 4], "uv_size": [0, -2]}
							}
						},
						{
							"origin": [-2.5, 18.1462, -0.81828],
							"size": [0, 2, 1],
							"pivot": [-2.5, 15.1462, -3.31828],
							"rotation": [90, -12.5, -90],
							"uv": {
								"north": {"uv": [10, 4], "uv_size": [0, 1]},
								"east": {"uv": [8, 4], "uv_size": [2, 1]},
								"south": {"uv": [12, 4], "uv_size": [0, 1]},
								"west": {"uv": [8, 3], "uv_size": [1, 2]},
								"up": {"uv": [10, 2], "uv_size": [0, 2]},
								"down": {"uv": [10, 4], "uv_size": [0, -2]}
							}
						},
						{
							"origin": [-4, 18.1462, -0.81828],
							"size": [0, 2, 1],
							"pivot": [-2.5, 15.1462, -3.31828],
							"rotation": [90, -12.5, -90],
							"uv": {
								"north": {"uv": [10, 4], "uv_size": [0, 1]},
								"east": {"uv": [8, 4], "uv_size": [2, 1]},
								"south": {"uv": [12, 4], "uv_size": [0, 1]},
								"west": {"uv": [8, 3], "uv_size": [1, 2]},
								"up": {"uv": [10, 2], "uv_size": [0, 2]},
								"down": {"uv": [10, 4], "uv_size": [0, -2]}
							}
						},
						{
							"origin": [-3.2, 11.6, -8.4],
							"size": [0, 1, 2],
							"pivot": [-4, 13.6, -7.25714],
							"rotation": [12.5, 0, -180],
							"uv": {
								"north": {"uv": [10, 4], "uv_size": [0, 1]},
								"east": {"uv": [8, 4], "uv_size": [2, 1]},
								"south": {"uv": [12, 4], "uv_size": [0, 1]},
								"west": {"uv": [5.25, 3.75], "uv_size": [1.5, 0.75]},
								"up": {"uv": [10, 2], "uv_size": [0, 2]},
								"down": {"uv": [10, 4], "uv_size": [0, -2]}
							}
						},
						{
							"origin": [-4.8, 15.30358, -8.0601],
							"size": [0, 2, 1],
							"pivot": [-4.8, 16.80358, -7.5601],
							"rotation": [102.5, 0, -180],
							"uv": {
								"north": {"uv": [10, 4], "uv_size": [0, 1]},
								"east": {"uv": [8, 4], "uv_size": [2, 1]},
								"south": {"uv": [12, 4], "uv_size": [0, 1]},
								"west": {"uv": [8, 3], "uv_size": [1, 2]},
								"up": {"uv": [10, 2], "uv_size": [0, 2]},
								"down": {"uv": [10, 4], "uv_size": [0, -2]}
							}
						},
						{
							"origin": [-6.4, 15.30358, -8.0601],
							"size": [0, 2, 1],
							"pivot": [-4.8, 16.80358, -7.5601],
							"rotation": [102.5, 0, -180],
							"uv": {
								"north": {"uv": [10, 4], "uv_size": [0, 1]},
								"east": {"uv": [8, 4], "uv_size": [2, 1]},
								"south": {"uv": [12, 4], "uv_size": [0, 1]},
								"west": {"uv": [8, 3], "uv_size": [1, 2]},
								"up": {"uv": [10, 2], "uv_size": [0, 2]},
								"down": {"uv": [10, 4], "uv_size": [0, -2]}
							}
						},
						{
							"origin": [-3.2, 15.50893, -4.80423],
							"size": [0, 2, 1],
							"pivot": [-3.2, 13.00893, -4.30423],
							"rotation": [77.5, 0, 0],
							"uv": {
								"north": {"uv": [10, 4], "uv_size": [0, 1]},
								"east": {"uv": [8, 4], "uv_size": [2, 1]},
								"south": {"uv": [12, 4], "uv_size": [0, 1]},
								"west": {"uv": [11, 3], "uv_size": [0.75, 8.25]},
								"up": {"uv": [10, 2], "uv_size": [0, 2]},
								"down": {"uv": [10, 4], "uv_size": [0, -2]}
							}
						},
						{
							"origin": [-4.8, 15.50893, -4.80423],
							"size": [0, 2, 1],
							"pivot": [-4.8, 13.00893, -4.30423],
							"rotation": [77.5, 0, 0],
							"uv": {
								"north": {"uv": [10, 4], "uv_size": [0, 1]},
								"east": {"uv": [8, 4], "uv_size": [2, 1]},
								"south": {"uv": [12, 4], "uv_size": [0, 1]},
								"west": {"uv": [11, 3], "uv_size": [0.75, 8.25]},
								"up": {"uv": [10, 2], "uv_size": [0, 2]},
								"down": {"uv": [10, 4], "uv_size": [0, -2]}
							}
						},
						{
							"origin": [-4.8, 15.34286, -8],
							"size": [0, 1, 2],
							"pivot": [-4, 13.6, -7],
							"rotation": [90, 12.5, 90],
							"uv": {
								"north": {"uv": [10, 3], "uv_size": [0, 1]},
								"east": {"uv": [8, 4], "uv_size": [2, 1]},
								"south": {"uv": [12, 3], "uv_size": [0, 1]},
								"west": {"uv": [8, 3], "uv_size": [2, 1]},
								"up": {"uv": [10, 1], "uv_size": [0, 2]},
								"down": {"uv": [10, 3], "uv_size": [0, -2]}
							}
						},
						{
							"origin": [-4.8, 16.34286, -8.25714],
							"size": [0, 1, 2],
							"pivot": [-4, 15.2, -7.25714],
							"rotation": [102.5, 0, 180],
							"uv": {
								"north": {"uv": [10, 3], "uv_size": [0, 1]},
								"east": {"uv": [8, 4], "uv_size": [2, 1]},
								"south": {"uv": [12, 3], "uv_size": [0, 1]},
								"west": {"uv": [8, 3], "uv_size": [2, 1]},
								"up": {"uv": [10, 1], "uv_size": [0, 2]},
								"down": {"uv": [10, 3], "uv_size": [0, -2]}
							}
						}
					]
				}
			]
		}
	]
}