{
	"format_version": "1.12.0",
	"minecraft:geometry": [
		{
			"description": {
				"identifier": "geometry.totem",
				"texture_width": 16,
				"texture_height": 16,
				"visible_bounds_width": 3,
				"visible_bounds_height": 2.5,
				"visible_bounds_offset": [0, 0.75, 0]
			},
			"bones": [
				{
					"name": "rightItem",
					"pivot": [-4, 16, 1],
					"cubes": [
						{
							"origin": [-5.2, 12.76273, -3.45862],
							"size": [2.3, 1.1, 1],
							"pivot": [-4.00333, 15.56144, -2.82654],
							"rotation": [112.5, 0, 180],
							"uv": {
								"north": {"uv": [6, 13], "uv_size": [4, 2]},
								"east": {"uv": [6, 13], "uv_size": [2, 2]},
								"south": {"uv": [6, 13], "uv_size": [4, 2]},
								"west": {"uv": [8, 13], "uv_size": [2, 2]},
								"up": {"uv": [10, 15], "uv_size": [-4, -2]},
								"down": {"uv": [10, 15], "uv_size": [-4, -2]}
							}
						},
						{
							"origin": [-5.2, 16.06273, -3.45862],
							"size": [2.3, 0.4, 1],
							"pivot": [-4.00333, 15.56144, -2.82654],
							"rotation": [112.5, 0, 180],
							"uv": {
								"north": {"uv": [6, 8], "uv_size": [4, 1]},
								"east": {"uv": [6, 8], "uv_size": [1, 1]},
								"south": {"uv": [6, 8], "uv_size": [4, 1]},
								"west": {"uv": [9, 8], "uv_size": [1, 1]},
								"up": {"uv": [10, 9], "uv_size": [-4, -1]},
								"down": {"uv": [10, 9], "uv_size": [-4, -1]}
							}
						},
						{
							"origin": [-5.7, 13.86273, -3.45862],
							"size": [3.4, 2.2, 1],
							"pivot": [-4.00333, 15.56144, -2.82654],
							"rotation": [112.5, 0, 180],
							"uv": {
								"north": {"uv": [5, 9], "uv_size": [6, 3]},
								"east": {"uv": [5, 9], "uv_size": [2, 3]},
								"south": {"uv": [5, 9], "uv_size": [6, 3]},
								"west": {"uv": [9, 9], "uv_size": [2, 3]},
								"up": {"uv": [11, 12], "uv_size": [-6, -2]},
								"down": {"uv": [11, 12], "uv_size": [-6, -2]}
							}
						},
						{
							"origin": [-7, 14.86273, -3.45862],
							"size": [1.9, 1.2, 1],
							"pivot": [-4.00333, 15.56144, -2.82654],
							"rotation": [112.5, 0, 180],
							"uv": {
								"north": {"uv": [5, 9], "uv_size": [4, 3]},
								"east": {"uv": [5, 9], "uv_size": [2, 3]},
								"south": {"uv": [5, 9], "uv_size": [6, 3]},
								"west": {"uv": [9, 9], "uv_size": [2, 3]},
								"up": {"uv": [11, 12], "uv_size": [-6, -2]},
								"down": {"uv": [11, 12], "uv_size": [-6, -2]}
							}
						},
						{
							"origin": [-7.10667, 15.06015, -3.45862],
							"size": [1.9, 1.2, 1],
							"pivot": [-4.00333, 15.56144, -2.82654],
							"rotation": [-112.5, 0, 0],
							"uv": {
								"north": {"uv": [5, 9], "uv_size": [4, 3]},
								"east": {"uv": [5, 9], "uv_size": [2, 3]},
								"south": {"uv": [5, 9], "uv_size": [6, 3]},
								"west": {"uv": [9, 9], "uv_size": [2, 3]},
								"up": {"uv": [11, 12], "uv_size": [-6, -2]},
								"down": {"uv": [11, 12], "uv_size": [-6, -2]}
							}
						},
						{
							"origin": [-5.7, 13.99477, -3.86058],
							"size": [3.4, 2.2, 0.5],
							"pivot": [-4.00333, 15.56144, -2.82654],
							"rotation": [122.5, 0, 180],
							"uv": {
								"north": {"uv": [5, 9], "uv_size": [6, 3]},
								"east": {"uv": [5, 9], "uv_size": [2, 3]},
								"south": {"uv": [5, 9], "uv_size": [6, 3]},
								"west": {"uv": [9, 9], "uv_size": [2, 3]},
								"up": {"uv": [11, 12], "uv_size": [-6, -2]},
								"down": {"uv": [11, 12], "uv_size": [-6, -2]}
							}
						},
						{
							"origin": [-5.7, 14.09477, -3.86058],
							"size": [3.4, 2.1, 0.5],
							"pivot": [-4.00333, 15.56144, -2.82654],
							"rotation": [122.5, 0, 180],
							"uv": {
								"north": {"uv": [5, 9], "uv_size": [6, 3]},
								"east": {"uv": [5, 9], "uv_size": [2, 3]},
								"south": {"uv": [5, 9], "uv_size": [6, 3]},
								"west": {"uv": [9, 9], "uv_size": [2, 3]},
								"up": {"uv": [11, 12], "uv_size": [-6, -2]},
								"down": {"uv": [11, 12], "uv_size": [-6, -2]}
							}
						},
						{
							"origin": [-5.7, 16.31983, -3.50151],
							"size": [3.4, 3.3, 1],
							"pivot": [-4.00333, 15.56144, -2.82654],
							"rotation": [112.5, 0, 180],
							"uv": {
								"north": {"uv": [5, 2], "uv_size": [6, 6]},
								"east": {"uv": [7, 3], "uv_size": [1, 6]},
								"south": {"uv": [5, 2], "uv_size": [6, 6]},
								"west": {"uv": [8, 3], "uv_size": [1, 6]},
								"up": {"uv": [11, 3], "uv_size": [-6, -1]},
								"down": {"uv": [11, 8], "uv_size": [-6, -1]}
							}
						},
						{
							"origin": [-5.7, 16.31937, -2.57956],
							"size": [3.4, 3.3, 0.3],
							"pivot": [-4.00333, 15.56144, -2.82654],
							"rotation": [112.5, 0, 180],
							"uv": {
								"north": {"uv": [5, 2], "uv_size": [6, 6]},
								"east": {"uv": [7, 3], "uv_size": [1, 6]},
								"south": {"uv": [5, 7], "uv_size": [6, 5]},
								"west": {"uv": [8, 3], "uv_size": [1, 6]},
								"up": {"uv": [11, 3], "uv_size": [-6, -1]},
								"down": {"uv": [11, 8], "uv_size": [-6, -1]}
							}
						},
						{
							"origin": [-5.2, 16.06227, -2.53667],
							"size": [2.3, 0.4, 0.3],
							"pivot": [-4.00333, 15.56144, -2.82654],
							"rotation": [112.5, 0, 180],
							"uv": {
								"north": {"uv": [6, 8], "uv_size": [4, 1]},
								"east": {"uv": [6, 8], "uv_size": [1, 1]},
								"south": {"uv": [6, 8], "uv_size": [4, 1]},
								"west": {"uv": [9, 8], "uv_size": [1, 1]},
								"up": {"uv": [10, 9], "uv_size": [-4, -1]},
								"down": {"uv": [10, 9], "uv_size": [-4, -1]}
							}
						},
						{
							"origin": [-7.10667, 15.06062, -2.53667],
							"size": [1.4, 1.2, 0.3],
							"pivot": [-4.00333, 15.56144, -2.82654],
							"rotation": [-112.5, 0, 0],
							"uv": {
								"north": {"uv": [5, 9], "uv_size": [4, 3]},
								"east": {"uv": [5, 9], "uv_size": [1, 3]},
								"south": {"uv": [5, 9], "uv_size": [4, 3]},
								"west": {"uv": [9, 9], "uv_size": [2, 3]},
								"up": {"uv": [11, 12], "uv_size": [-1, -1]},
								"down": {"uv": [10, 12], "uv_size": [-3, -1]}
							}
						},
						{
							"origin": [-5.7, 13.86227, -2.53667],
							"size": [3.4, 2.2, 0.3],
							"pivot": [-4.00333, 15.56144, -2.82654],
							"rotation": [112.5, 0, 180],
							"uv": {
								"north": {"uv": [5, 9], "uv_size": [6, 3]},
								"east": {"uv": [5, 9], "uv_size": [1, 3]},
								"south": {"uv": [5, 9], "uv_size": [6, 3]},
								"west": {"uv": [10, 9], "uv_size": [1, 3]},
								"up": {"uv": [11, 12], "uv_size": [-6, -2]},
								"down": {"uv": [7, 12], "uv_size": [-1, -1]}
							}
						},
						{
							"origin": [-7, 14.86227, -2.53667],
							"size": [1.3, 1.2, 0.3],
							"pivot": [-4.00333, 15.56144, -2.82654],
							"rotation": [112.5, 0, 180],
							"uv": {
								"north": {"uv": [5, 9], "uv_size": [4, 3]},
								"east": {"uv": [5, 9], "uv_size": [1, 3]},
								"south": {"uv": [5, 9], "uv_size": [4, 3]},
								"west": {"uv": [9, 9], "uv_size": [2, 3]},
								"up": {"uv": [9, 12], "uv_size": [-3, -1]},
								"down": {"uv": [6, 12], "uv_size": [-1, -1]}
							}
						},
						{
							"origin": [-5.2, 12.76227, -2.53667],
							"size": [2.3, 1.1, 0.3],
							"pivot": [-4.00333, 15.56144, -2.82654],
							"rotation": [112.5, 0, 180],
							"uv": {
								"north": {"uv": [6, 13], "uv_size": [4, 2]},
								"east": {"uv": [6, 13], "uv_size": [1, 2]},
								"south": {"uv": [6, 13], "uv_size": [4, 2]},
								"west": {"uv": [9, 13], "uv_size": [1, 2]},
								"up": {"uv": [10, 15], "uv_size": [-4, -2]},
								"down": {"uv": [7, 15], "uv_size": [-1, -2]}
							}
						},
						{
							"origin": [-4.6, 15.5685, -4.13481],
							"size": [1.2, 1.7, 1.3],
							"pivot": [-4.00333, 15.56144, -2.82654],
							"rotation": [95, 0, -180],
							"uv": {
								"north": {"uv": [7, 6], "uv_size": [2, 3]},
								"east": {"uv": [7, 6], "uv_size": [2, 3]},
								"south": {"uv": [7, 6], "uv_size": [2, 3]},
								"west": {"uv": [7, 6], "uv_size": [2, 3]},
								"up": {"uv": [9, 9], "uv_size": [-2, -3]},
								"down": {"uv": [9, 9], "uv_size": [-2, -3]}
							}
						}
					]
				}
			]
		}
	]
}