{
	"format_version": "1.12.0",
	"minecraft:geometry": [
		{
			"description": {
				"identifier": "geometry.pickaxe_item_hand",
				"texture_width": 32,
				"texture_height": 32,
				"visible_bounds_width": 4,
				"visible_bounds_height": 3.5,
				"visible_bounds_offset": [0, 1.25, 0]
			},
			"bones": [
				{
					"name": "rightitem",
					"pivot": [-6, 15, 0],
					"rotation": [90, -15, -90],
					"cubes": [
						{
							"origin": [-6.88456, 30.77469, -0.18045],
							"size": [1.94543, 1.6, 0.42102],
							"inflate": 0.67,
							"uv": {
								"north": {"uv": [8, 0], "uv_size": [2, 1.5]},
								"east": {"uv": [10, 12], "uv_size": [0.5, 1.5]},
								"south": {"uv": [8, 2], "uv_size": [2, 1.5]},
								"west": {"uv": [13, 0], "uv_size": [0.5, 1.5]},
								"up": {"uv": [12, 11], "uv_size": [2, 0.5]},
								"down": {"uv": [12, 12.5], "uv_size": [2, -0.5]}
							}
						},
						{
							"origin": [-6.72444, 28.44488, -0.18059],
							"size": [0, 2.8097, 0.4213],
							"inflate": 0.66,
							"pivot": [-6.55145, 32.07114, 0.03006],
							"rotation": [0, 0, 77.5],
							"uv": {
								"north": {"uv": [8, 4], "uv_size": [1, 3]},
								"east": {"uv": [11, 2], "uv_size": [0.5, 3]},
								"south": {"uv": [8, 7], "uv_size": [1, 3]},
								"west": {"uv": [11, 5], "uv_size": [0.5, 3]},
								"up": {"uv": [10, 9], "uv_size": [1, 0.5]},
								"down": {"uv": [13, 2.5], "uv_size": [1, -0.5]}
							}
						},
						{
							"origin": [-10.95728, 28.01788, -0.18059],
							"size": [0, 2.8097, 0.4213],
							"inflate": 0.45,
							"pivot": [-10.68626, 31.00562, 0.03006],
							"rotation": [0, 0, 55],
							"uv": {
								"north": {"uv": [9, 4], "uv_size": [1, 3]},
								"east": {"uv": [11, 8], "uv_size": [0.5, 3]},
								"south": {"uv": [9, 7], "uv_size": [1, 3]},
								"west": {"uv": [11, 11], "uv_size": [0.5, 3]},
								"up": {"uv": [13, 3], "uv_size": [1, 0.5]},
								"down": {"uv": [13, 4.5], "uv_size": [1, -0.5]}
							}
						},
						{
							"origin": [-5.27556, 28.44488, -0.18059],
							"size": [0, 2.8097, 0.4213],
							"inflate": 0.66,
							"pivot": [-5.44855, 32.07114, 0.03006],
							"rotation": [0, 0, -77.5],
							"uv": {
								"north": {"uv": [9, 4], "uv_size": [-1, 3]},
								"east": {"uv": [11.5, 5], "uv_size": [-0.5, 3]},
								"south": {"uv": [9, 7], "uv_size": [-1, 3]},
								"west": {"uv": [11.5, 2], "uv_size": [-0.5, 3]},
								"up": {"uv": [11, 9], "uv_size": [-1, 0.5]},
								"down": {"uv": [14, 2.5], "uv_size": [-1, -0.5]}
							}
						},
						{
							"origin": [-1.04272, 28.01788, -0.18059],
							"size": [0, 2.8097, 0.4213],
							"inflate": 0.45,
							"pivot": [-1.31374, 31.00562, 0.03006],
							"rotation": [0, 0, -55],
							"uv": {
								"north": {"uv": [10, 4], "uv_size": [-1, 3]},
								"east": {"uv": [11.5, 11], "uv_size": [-0.5, 3]},
								"south": {"uv": [10, 7], "uv_size": [-1, 3]},
								"west": {"uv": [11.5, 8], "uv_size": [-0.5, 3]},
								"up": {"uv": [14, 3], "uv_size": [-1, 0.5]},
								"down": {"uv": [14, 4.5], "uv_size": [-1, -0.5]}
							}
						}
					]
				},
				{
					"name": "stick",
					"parent": "rightitem",
					"pivot": [0, 0, 0],
					"cubes": [
						{
							"origin": [-6.42064, 12.38994, -0.69904],
							"size": [1.39808, 21.27008, 1.39808],
							"inflate": -0.01,
							"uv": {
								"north": {"uv": [6, 0], "uv_size": [1.5, 19.5]},
								"east": {"uv": [6, 0], "uv_size": [1.5, 19.5]},
								"south": {"uv": [6, 0], "uv_size": [1.5, 19.5]},
								"west": {"uv": [6, 0], "uv_size": [1.5, 19.5]},
								"up": {"uv": [10, 11], "uv_size": [-1, -1]},
								"down": {"uv": [7, 16], "uv_size": [-1, -1]}
							}
						},
						{
							"origin": [-6.52064, 17.28994, -0.79904],
							"size": [1.59808, 1.67008, 1.59808],
							"inflate": -0.01,
							"uv": {
								"north": {"uv": [4, 0], "uv_size": [2, 2]},
								"east": {"uv": [4, 0], "uv_size": [2, 2]},
								"south": {"uv": [4, 0], "uv_size": [2, 2]},
								"west": {"uv": [4, 0], "uv_size": [2, 2]},
								"up": {"uv": [6, 2], "uv_size": [-2, -2]},
								"down": {"uv": [6, 2], "uv_size": [-2, -2]}
							}
						}
					]
				}
			]
		}
	]
}

////////////////////////////////By Yahirx Rps/////////////////////////////////////////