{
  "format_version": "1.8.0",
  "minecraft:client_entity": {
    "description": {
      "identifier": "minecraft:endermite",
      "min_engine_version": "1.8.0",
      "materials": {
        "default": "endermite"
      },
      "textures": {
        "default": "textures/entity/endermite",
        "default2": "textures/entity/endermite2",
        "default3": "textures/entity/endermite3",
        "default4": "textures/entity/endermite4",
        "default5": "textures/entity/endermite5",
        "default6": "textures/entity/endermite6"
      },
      "geometry": {
        "default": "geometry.endermite"
      },
      "animations": {
        "move": "animation.endermite.move"
      },
      "animation_controllers": [
        {
          "move": "controller.animation.endermite.move"
        }
      ],
      "render_controllers": [
        "controller.render.endermite"
      ],
      "spawn_egg": {
        "texture": "spawn_egg",
        "texture_index": 25
      },
      "scripts": {
        "pre_animation": [
          "variable.Xvar = (variable.Xvar ?? Math.random(0,999));"
        ]
      }
    }
  }
}
