{
  "format_version": "1.10.0",
  "minecraft:client_entity": {
    "description": {
      "identifier": "minecraft:evocation_illager",
      "min_engine_version": "1.8.0",
      "materials": {
        "default": "spider"
      },
      "textures": {
        "default": "textures/entity/illager/evoker",
        "default2": "textures/entity/illager/evoker2",
        "default3": "textures/entity/illager/evoker3",
        "default4": "textures/entity/illager/evoker4",
        "default5": "textures/entity/illager/evoker5",
        "default6": "textures/entity/illager/evoker6"
      },
      "geometry": {
        "default": "geometry.evoker.v1.8"
      },
      "scripts": {
        "animate": [
          "controller_general",
          "controller_move"
        ],
        "initialize": [
          "variable.Xvar = Math.random(0,999);"
        ]
      },
      "animations": {
        "general": "animation.evoker.general",
        "casting": "animation.evoker.casting",
        "look_at_target": "animation.common.look_at_target",
        "move": "animation.villager.move",
        "celebrating": "animation.humanoid.celebrating",
        "controller_general": "controller.animation.evoker.general",
        "controller_move": "controller.animation.villager.move"
      },
      "particle_effects": {
        "spell": "minecraft:evoker_spell"
      },
      "render_controllers": [
        "controller.render.evoker"
      ],
      "spawn_egg": {
        "texture": "spawn_egg",
        "texture_index": 40
      }
    }
  }
}
