{
  "format_version": "1.19.0",
  "minecraft:client_entity": {
    "description": {
      "identifier": "minecraft:pig",
      "min_engine_version": "1.8.0",
      "materials": {
        "default": "skeleton"
      },
      "textures": {
        "default": "textures/entity/pig/pig",
        "saddled": "textures/entity/pig/pig",
        "default2": "textures/entity/pig/pig2",
        "default3": "textures/entity/pig/pig3",
        "default4": "textures/entity/pig/pig4",
        "default5": "textures/entity/pig/pig5",
        "default6": "textures/entity/pig/pig6",
        "default7": "textures/entity/pig/pig7",
        "default8": "textures/entity/pig/pig8",
        "default9": "textures/entity/pig/pig9",
        "default10": "textures/entity/pig/pig10",
        "default11": "textures/entity/pig/pig11",
        "default12": "textures/entity/pig/pig12",
        "default13": "textures/entity/pig/pig13",
        "default14": "textures/entity/pig/pig14",
        "default15": "textures/entity/pig/pig15",
        "default16": "textures/entity/pig/pig16",
        "default17": "textures/entity/pig/pig17",
        "default18": "textures/entity/pig/pig18",
        "default19": "textures/entity/pig/pig19",
        "default20": "textures/entity/pig/pig20",
        "default21": "textures/entity/pig/pig21",
        "default22": "textures/entity/pig/pig22",
        "default23": "textures/entity/pig/pig23",
        "default24": "textures/entity/pig/pig24",
        "default25": "textures/entity/pig/pig25",
        "default26": "textures/entity/pig/pig26",
        "default27": "textures/entity/pig/pig27",
        "default28": "textures/entity/pig/pig28",
        "default29": "textures/entity/pig/pig29",
        "default30": "textures/entity/pig/pig30",
        "default31": "textures/entity/pig/pig31",
        "default32": "textures/entity/pig/pig32",
        "default33": "textures/entity/pig/pig33",
        "default34": "textures/entity/pig/pig34",
        "default35": "textures/entity/pig/pig35",
        "default36": "textures/entity/pig/pig36",
        "default37": "textures/entity/pig/pig37",
        "default38": "textures/entity/pig/pig38",
        "default39": "textures/entity/pig/pig39",
        "default40": "textures/entity/pig/pig40",
        "default41": "textures/entity/pig/pig41",
        "default42": "textures/entity/pig/pig42",
        "default43": "textures/entity/pig/pig43",
        "default44": "textures/entity/pig/pig44",
        "default45": "textures/entity/pig/pig45",
        "default46": "textures/entity/pig/pig46",
        "default47": "textures/entity/pig/pig47",
        "default48": "textures/entity/pig/pig48",
        "default49": "textures/entity/pig/pig49",
        "default50": "textures/entity/pig/pig50",
        "default51": "textures/entity/pig/pig51",
        "default52": "textures/entity/pig/pig52",
        "default53": "textures/entity/pig/pig53",
        "default54": "textures/entity/pig/pig54",
        "default55": "textures/entity/pig/pig55",
        "default56": "textures/entity/pig/pig56",
        "default57": "textures/entity/pig/pig57",
        "default58": "textures/entity/pig/pig58",
        "default59": "textures/entity/pig/pig59",
        "default60": "textures/entity/pig/pig60",
        "default61": "textures/entity/pig/pig61",
        "default62": "textures/entity/pig/pig62",
        "default63": "textures/entity/pig/pig63",
        "default64": "textures/entity/pig/pig64",
        "default65": "textures/entity/pig/pig65",
        "default66": "textures/entity/pig/pig66",
        "default67": "textures/entity/pig/pig67",
        "default68": "textures/entity/pig/pig68",
        "default69": "textures/entity/pig/pig69",
        "default70": "textures/entity/pig/pig70",
        "default71": "textures/entity/pig/pig71",
        "default72": "textures/entity/pig/pig72",
        "default73": "textures/entity/pig/pig73",
        "default74": "textures/entity/pig/pig74",
        "default75": "textures/entity/pig/pig75",
        "default76": "textures/entity/pig/pig76",
        "default77": "textures/entity/pig/pig77",
        "default78": "textures/entity/pig/pig78",
        "default79": "textures/entity/pig/pig79",
        "default80": "textures/entity/pig/pig80",
        "default81": "textures/entity/pig/pig81",
        "default82": "textures/entity/pig/pig82",
        "default83": "textures/entity/pig/pig83",
        "default84": "textures/entity/pig/pig84",
        "default85": "textures/entity/pig/pig85",
        "default86": "textures/entity/pig/pig86",
        "default87": "textures/entity/pig/pig87",
        "default88": "textures/entity/pig/pig88",
        "default89": "textures/entity/pig/pig89",
        "default90": "textures/entity/pig/pig90",
        "default91": "textures/entity/pig/pig91",
        "default92": "textures/entity/pig/pig92",
        "default93": "textures/entity/pig/pig93",
        "default94": "textures/entity/pig/pig94",
        "default95": "textures/entity/pig/pig95",
        "default96": "textures/entity/pig/pig96",
        "default97": "textures/entity/pig/pig97",
        "default98": "textures/entity/pig/pig98",
        "default99": "textures/entity/pig/pig99",
        "default100": "textures/entity/pig/pig100",
        "default101": "textures/entity/pig/pig101",
        "default102": "textures/entity/pig/pig102",
        "default103": "textures/entity/pig/pig103",
        "default104": "textures/entity/pig/pig104",
        "default105": "textures/entity/pig/pig105",
        "default106": "textures/entity/pig/pig106",
        "default107": "textures/entity/pig/pig107",
        "default108": "textures/entity/pig/pig108",
        "default109": "textures/entity/pig/pig109",
        "default110": "textures/entity/pig/pig110",
        "default111": "textures/entity/pig/pig111",
        "default112": "textures/entity/pig/pig112",
        "default113": "textures/entity/pig/pig113",
        "default114": "textures/entity/pig/pig114",
        "default115": "textures/entity/pig/pig115",
        "default116": "textures/entity/pig/pig116",
        "default117": "textures/entity/pig/pig117",
        "default118": "textures/entity/pig/pig118",
        "default119": "textures/entity/pig/pig119",
        "default120": "textures/entity/pig/pig120",
        "default121": "textures/entity/pig/pig121",
        "default122": "textures/entity/pig/pig122",
        "default123": "textures/entity/pig/pig123",
        "default124": "textures/entity/pig/pig124",
        "default125": "textures/entity/pig/pig125",
        "default126": "textures/entity/pig/pig126",
        "default127": "textures/entity/pig/pig127",
        "default128": "textures/entity/pig/pig128",
        "default129": "textures/entity/pig/pig129",
        "default130": "textures/entity/pig/pig130",
        "default131": "textures/entity/pig/pig131",
        "default132": "textures/entity/pig/pig132",
        "default133": "textures/entity/pig/pig133",
        "default134": "textures/entity/pig/pig134",
        "default135": "textures/entity/pig/pig135",
        "default136": "textures/entity/pig/pig136",
        "default137": "textures/entity/pig/pig137",
        "default138": "textures/entity/pig/pig138",
        "default139": "textures/entity/pig/pig139",
        "default140": "textures/entity/pig/pig140",
        "default141": "textures/entity/pig/pig141",
        "default142": "textures/entity/pig/pig142",
        "default143": "textures/entity/pig/pig143",
        "default144": "textures/entity/pig/pig144",
        "default145": "textures/entity/pig/pig145",
        "default146": "textures/entity/pig/pig146",
        "default147": "textures/entity/pig/pig147",
        "default148": "textures/entity/pig/pig148",
        "default149": "textures/entity/pig/pig149",
        "default150": "textures/entity/pig/pig150",
        "default151": "textures/entity/pig/pig151",
        "default152": "textures/entity/pig/pig152",
        "default153": "textures/entity/pig/pig153",
        "default154": "textures/entity/pig/pig154",
        "default155": "textures/entity/pig/pig155"
      },
      "geometry": {
        "default": "geometry.pig.v1.8"
      },
      "animations": {
        "setup": "animation.pig.setup",
        "walk": "animation.quadruped.walk",
        "look_at_target": "animation.common.look_at_target",
        "baby_transform": "animation.pig.baby_transform"
      },
      "scripts": {
        "animate": [
          "setup",
          {
            "walk": "query.modified_move_speed"
          },
          "look_at_target",
          {
            "baby_transform": "query.is_baby"
          }
        ],
        "initialize": [
          "variable.Xvar = Math.random(0,999);",
          "variable.bad_piggy = Math.random_integer(0,4);",
          "variable.blueberry_jam = Math.random_integer(0,1);",
          "variable.solid_gold = Math.random_integer(0,1);",
          "variable.marmalade = Math.random_integer(0,1);",
          "variable.strawberry_jam = Math.random_integer(0,1);",
          "variable.sweetberry_jam = Math.random_integer(0,1);",
          "variable.grape_jelly = Math.random_integer(0,1);",
          "variable.fig_pig = Math.random_integer(0,1);"
        ]
      },
      "render_controllers": [
        {
        "controller.render.pig": "query.get_name != 'Bad Piggy' && query.get_name != 'Blueberry Jam' && query.get_name != 'Solid Gold' && query.get_name != 'Marmalade' && query.get_name != 'Strawberry Jam' && query.get_name != 'Grape Jelly' && query.get_name != 'Sweetberry Jam' && query.get_name != 'Fig Pig' && query.get_name != 'Drowned' && query.get_name != 'Gus' && query.get_name != 'Mask' && query.get_name != 'Oink o Lantern' && query.get_name != 'Coppork Golem'"
        },
        {
        "controller.render.bad_piggy": "query.get_name == 'Bad Piggy'"
        },
        {
        "controller.render.blueberry_jam": "query.get_name == 'Blueberry Jam'"
        },
        {
        "controller.render.solid_gold": "query.get_name == 'Solid Gold'"
        },
        {
        "controller.render.marmalade": "query.get_name == 'Marmalade'"
        },
        {
        "controller.render.strawberry_jam": "query.get_name == 'Strawberry Jam'"
        },
        {
        "controller.render.grape_jelly": "query.get_name == 'Grape Jelly'"
        },
        {
        "controller.render.sweetberry_jam": "query.get_name == 'Sweetberry Jam'"
        },
        {
        "controller.render.fig_pig": "query.get_name == 'Fig Pig'"
        },
        {
        "controller.render.drowned_pig": "query.get_name == 'Drowned'"
        },
        {
        "controller.render.gus": "query.get_name == 'Gus'"
        },
        {
        "controller.render.mask": "query.get_name == 'Mask'"
        },
        {
        "controller.render.oinko_lantern": "query.get_name == 'Oink o Lantern'"
        },
        {
        "controller.render.coppork_golem": "query.get_name == 'Coppork Golem'"
        }
      ],
      "spawn_egg": {
        "texture": "spawn_egg",
        "texture_index": 2
      }
    }
  }
}
