{
  "format_version": "1.8.0",
  "minecraft:client_entity": {
    "description": {
      "identifier": "minecraft:skeleton",
      "min_engine_version": "1.8.0",
      "materials": {
        "default": "skeleton"
      },
      "textures": {
        "default": "textures/entity/skeleton/skeleton",
        "default2": "textures/entity/skeleton/skeleton2",
        "default3": "textures/entity/skeleton/skeleton3",
        "default4": "textures/entity/skeleton/skeleton4",
        "default5": "textures/entity/skeleton/skeleton5",
        "default6": "textures/entity/skeleton/skeleton6",
        "default7": "textures/entity/skeleton/skeleton7",
        "default8": "textures/entity/skeleton/skeleton8",
        "default9": "textures/entity/skeleton/skeleton9",
        "default10": "textures/entity/skeleton/skeleton10",
        "default11": "textures/entity/skeleton/skeleton11",
        "default12": "textures/entity/skeleton/skeleton12",
        "default13": "textures/entity/skeleton/skeleton13",
        "default14": "textures/entity/skeleton/skeleton14",
        "default15": "textures/entity/skeleton/skeleton15",
        "default16": "textures/entity/skeleton/skeleton16",
        "default17": "textures/entity/skeleton/skeleton17",
        "default18": "textures/entity/skeleton/skeleton18",
        "default19": "textures/entity/skeleton/skeleton19",
        "default20": "textures/entity/skeleton/skeleton20",
        "default21": "textures/entity/skeleton/skeleton21",
        "default22": "textures/entity/skeleton/skeleton22",
        "default23": "textures/entity/skeleton/skeleton23",
        "default24": "textures/entity/skeleton/skeleton24",
        "default25": "textures/entity/skeleton/skeleton25",
        "default26": "textures/entity/skeleton/skeleton26",
        "default27": "textures/entity/skeleton/skeleton27",
        "default28": "textures/entity/skeleton/skeleton28",
        "default29": "textures/entity/skeleton/skeleton29",
        "default30": "textures/entity/skeleton/skeleton30",
        "default31": "textures/entity/skeleton/skeleton31",
        "default32": "textures/entity/skeleton/skeleton32",
        "default33": "textures/entity/skeleton/skeleton33",
        "default34": "textures/entity/skeleton/skeleton34",
        "default35": "textures/entity/skeleton/skeleton35",
        "default36": "textures/entity/skeleton/skeleton36",
        "default37": "textures/entity/skeleton/skeleton37",
        "default38": "textures/entity/skeleton/skeleton38",
        "default39": "textures/entity/skeleton/skeleton39",
        "default40": "textures/entity/skeleton/skeleton40",
        "default41": "textures/entity/skeleton/skeleton41",
        "default42": "textures/entity/skeleton/skeleton42",
        "default43": "textures/entity/skeleton/skeleton43",
        "default44": "textures/entity/skeleton/skeleton44",
        "default45": "textures/entity/skeleton/skeleton45",
        "default46": "textures/entity/skeleton/skeleton46",
        "default47": "textures/entity/skeleton/skeleton47",
        "default48": "textures/entity/skeleton/skeleton48",
        "default49": "textures/entity/skeleton/skeleton49",
        "default50": "textures/entity/skeleton/skeleton50",
        "default51": "textures/entity/skeleton/skeleton51",
        "default52": "textures/entity/skeleton/skeleton52",
        "default53": "textures/entity/skeleton/skeleton53",
        "default54": "textures/entity/skeleton/skeleton54",
        "default55": "textures/entity/skeleton/skeleton55",
        "default56": "textures/entity/skeleton/skeleton56",
        "default57": "textures/entity/skeleton/skeleton57",
        "default58": "textures/entity/skeleton/skeleton58",
        "default59": "textures/entity/skeleton/skeleton59",
        "default60": "textures/entity/skeleton/skeleton60",
        "default61": "textures/entity/skeleton/skeleton61",
        "default62": "textures/entity/skeleton/skeleton62",
        "default63": "textures/entity/skeleton/skeleton63",
        "default64": "textures/entity/skeleton/skeleton64",
        "default65": "textures/entity/skeleton/skeleton65",
        "default66": "textures/entity/skeleton/skeleton66",
        "default67": "textures/entity/skeleton/skeleton67",
        "default68": "textures/entity/skeleton/skeleton68",
        "default69": "textures/entity/skeleton/skeleton69",
        "default70": "textures/entity/skeleton/skeleton70",
        "default71": "textures/entity/skeleton/skeleton71",
        "default72": "textures/entity/skeleton/skeleton72",
        "default73": "textures/entity/skeleton/skeleton73",
        "default74": "textures/entity/skeleton/skeleton74",
        "default75": "textures/entity/skeleton/skeleton75",
        "default76": "textures/entity/skeleton/skeleton76",
        "default77": "textures/entity/skeleton/skeleton77",
        "default78": "textures/entity/skeleton/skeleton78",
        "default79": "textures/entity/skeleton/skeleton79",
        "default80": "textures/entity/skeleton/skeleton80",
        "default81": "textures/entity/skeleton/skeleton81",
        "default82": "textures/entity/skeleton/skeleton82",
        "default83": "textures/entity/skeleton/skeleton83",
        "default84": "textures/entity/skeleton/skeleton84",
        "default85": "textures/entity/skeleton/skeleton85",
        "default86": "textures/entity/skeleton/skeleton86",
        "default87": "textures/entity/skeleton/skeleton87",
        "default88": "textures/entity/skeleton/skeleton88",
        "default89": "textures/entity/skeleton/skeleton89",
        "default90": "textures/entity/skeleton/skeleton90",
        "default91": "textures/entity/skeleton/skeleton91",
        "default92": "textures/entity/skeleton/skeleton92",
        "default93": "textures/entity/skeleton/skeleton93",
        "default94": "textures/entity/skeleton/skeleton94",
        "default95": "textures/entity/skeleton/skeleton95",
        "default96": "textures/entity/skeleton/skeleton96"
      },
      "geometry": {
        "default": "geometry.skeleton.v1.8"
      },
      "spawn_egg": {
        "texture": "spawn_egg",
        "texture_index": 9
      },
      "scripts": {
        "pre_animation": [
          "variable.tcos0 = (Math.cos(query.modified_distance_moved * 38.17) * query.modified_move_speed / variable.gliding_speed_value) * 57.3;",
          "variable.Xvar = (variable.Xvar ?? Math.random(0,999));"
        ]
      },
      "animations": {
        "look_at_target_default": "animation.humanoid.look_at_target.default",
        "look_at_target_gliding": "animation.humanoid.look_at_target.gliding",
        "look_at_target_swimming": "animation.humanoid.look_at_target.swimming",
        "move": "animation.humanoid.move",
        "riding.arms": "animation.humanoid.riding.arms",
        "riding.legs": "animation.humanoid.riding.legs",
        "holding": "animation.humanoid.holding",
        "brandish_spear": "animation.humanoid.brandish_spear",
        "charging": "animation.humanoid.charging",
        "attack.rotations": "animation.humanoid.attack.rotations",
        "sneaking": "animation.humanoid.sneaking",
        "bob": "animation.humanoid.bob",
        "damage_nearby_mobs": "animation.humanoid.damage_nearby_mobs",
        "bow_and_arrow": "animation.humanoid.bow_and_arrow",
        "swimming": "animation.zombie.swimming",
        "use_item_progress": "animation.humanoid.use_item_progress",
        "skeleton_attack": "animation.skeleton.attack"
      },
      "animation_controllers": [
        {
          "look_at_target": "controller.animation.humanoid.look_at_target"
        },
        {
          "move": "controller.animation.humanoid.move"
        },
        {
          "riding": "controller.animation.humanoid.riding"
        },
        {
          "holding": "controller.animation.humanoid.holding"
        },
        {
          "brandish_spear": "controller.animation.humanoid.brandish_spear"
        },
        {
          "charging": "controller.animation.humanoid.charging"
        },
        {
          "attack": "controller.animation.humanoid.attack"
        },
        {
          "sneaking": "controller.animation.humanoid.sneaking"
        },
        {
          "bob": "controller.animation.humanoid.bob"
        },
        {
          "damage_nearby_mobs": "controller.animation.humanoid.damage_nearby_mobs"
        },
        {
          "bow_and_arrow": "controller.animation.humanoid.bow_and_arrow"
        },
        {
          "swimming": "controller.animation.zombie.swimming"
        },
        {
          "use_item_progress": "controller.animation.humanoid.use_item_progress"
        },
        {
          "skeleton_attack": "controller.animation.skeleton.attack"
        }
      ],
      "render_controllers": [
        "controller.render.skeleton"
      ],
      "enable_attachables": true
    }
  }
}
