{
  "format_version": "1.8.0",
  "minecraft:client_entity": {
    "description": {
      "identifier": "minecraft:wandering_trader",
      "materials": {
        "default": "wandering_trader"
      },
      "textures": {
        "default": "textures/entity/wandering_trader",
        "default2": "textures/entity/wandering_trader2",
        "default3": "textures/entity/wandering_trader3",
        "default4": "textures/entity/wandering_trader4",
        "default5": "textures/entity/wandering_trader5"
      },
      "geometry": {
        "default": "geometry.wandering_trader"
      },
      "scripts": {
        "pre_animation": [
          "variable.Xvar = (variable.Xvar ?? Math.random(0,999));"
        ]
      },
      "animations": {
        "general": "animation.villager.general",
        "look_at_target": "animation.common.look_at_target",
        "raise_arms": "animation.villager.raise_arms",
        "move": "animation.villager.move"
      },
      "animation_controllers": [
        {
          "general": "controller.animation.villager.general"
        },
        {
          "raise_arms": "controller.animation.villager_v2.raise_arms"
        },
        {
          "move": "controller.animation.villager.move"
        }
      ],
      "render_controllers": [
        "controller.render.wandering_trader"
      ],
      "spawn_egg": {
        "texture": "spawn_egg_wandering_trader"
      }
    }
  }
}
