{
  "format_version": "1.8.0",
  "minecraft:client_entity": {
    "description": {
      "identifier": "minecraft:witch",
      "min_engine_version": "1.8.0",
      "materials": {
        "default": "phantom"
      },
      "textures": {
        "default": "textures/entity/witch",
        "default2": "textures/entity/witch2",
        "default3": "textures/entity/witch3",
        "default4": "textures/entity/witch4"
      },
      "geometry": {
        "default": "geometry.villager.witch.v1.8"
      },
      "scripts": {
        "pre_animation": [
          "variable.Xvar = (variable.Xvar ?? Math.random(0,999));"
        ]
      },
      "animations": {
        "villager_general": "animation.villager.general",
        "look_at_target": "animation.common.look_at_target",
        "move": "animation.villager.move",
        "general": "animation.witch.general"
      },
      "animation_controllers": [
        {
          "general": "controller.animation.witch.general"
        },
        {
          "move": "controller.animation.villager.move"
        }
      ],
      "render_controllers": [
        "controller.render.witch"
      ],
      "spawn_egg": {
        "texture": "spawn_egg",
        "texture_index": 17
      }
    }
  }
}
