{
	"format_version": "1.12.0",
	"minecraft:geometry": [
		{
			"description": {
				"identifier": "geometry.axe_item_hand",
				"texture_width": 32,
				"texture_height": 32,
				"visible_bounds_width": 4,
				"visible_bounds_height": 3.5,
				"visible_bounds_offset": [0, 1.25, 0]
			},
			"bones": [
				{
					"name": "rightitem",
					"pivot": [-5, 15, 0],
					"rotation": [90, -15, -90],
					"cubes": [
						{
							"origin": [-5.5, 14.767, -0.5],
							"size": [1, 16, 1],
							"inflate": 0.01,
							"uv": {
								"north": {"uv": [0, 0], "uv_size": [1, 16]},
								"east": {"uv": [1, 0], "uv_size": [1, 16]},
								"south": {"uv": [2, 0], "uv_size": [1, 16]},
								"west": {"uv": [3, 0], "uv_size": [1, 16]},
								"up": {"uv": [9, 13], "uv_size": [1, 1]},
								"down": {"uv": [13, 10], "uv_size": [1, -1]}
							}
						},
						{
							"origin": [-5.6, 18.767, -0.6],
							"size": [1.2, 2, 1.2],
							"inflate": 0.01,
							"uv": {
								"north": {"uv": [2, 10], "uv_size": [1, 2]},
								"east": {"uv": [2, 10], "uv_size": [1, 2]},
								"south": {"uv": [2, 10], "uv_size": [1, 2]},
								"west": {"uv": [2, 10], "uv_size": [1, 2]},
								"up": {"uv": [3, 11], "uv_size": [-1, -1]},
								"down": {"uv": [3, 12], "uv_size": [-1, -1]}
							}
						},
						{
							"origin": [-4.47677, 28.81865, -0.55],
							"size": [3, 3, 1.1],
							"inflate": -0.012,
							"pivot": [-4.26334, 27.75536, 0.2],
							"rotation": [0, 0, 40],
							"uv": {
								"north": {"uv": [11, 20], "uv_size": [3, 3]},
								"east": {"uv": [13, 6], "uv_size": [2, 3]},
								"south": {"uv": [10, 4], "uv_size": [3, 3]},
								"west": {"uv": [7, 13], "uv_size": [2, 3]},
								"up": {"uv": [14, 0], "uv_size": [3, 2]},
								"down": {"uv": [14, 4], "uv_size": [3, -2]}
							}
						},
						{
							"origin": [-2.56841, 26.56051, -0.55],
							"size": [3, 3, 1.1],
							"inflate": -0.012,
							"pivot": [-4.26334, 27.75536, 0.2],
							"rotation": [0, 0, 40],
							"uv": {
								"north": {"uv": [8, 28], "uv_size": [3, 3]},
								"east": {"uv": [9, 14], "uv_size": [2, 3]},
								"south": {"uv": [10, 7], "uv_size": [3, 3]},
								"west": {"uv": [14, 9], "uv_size": [2, 3]},
								"up": {"uv": [11, 14], "uv_size": [3, 2]},
								"down": {"uv": [14, 14], "uv_size": [3, -2]}
							}
						},
						{
							"origin": [-5.6, 28.5, -0.55],
							"size": [3, 4, 1.1],
							"pivot": [-4.26334, 27.75536, 0.2],
							"rotation": [0, 0, 90],
							"uv": {
								"north": {"uv": [17, 22], "uv_size": [3, 3]},
								"east": {"uv": [10, 10], "uv_size": [2, 4]},
								"south": {"uv": [7, 6], "uv_size": [3, 3]},
								"west": {"uv": [12, 10], "uv_size": [2, 4]},
								"up": {"uv": [14, 14], "uv_size": [3, 2]},
								"down": {"uv": [4, 17], "uv_size": [3, -2]}
							}
						},
						{
							"origin": [-7, 28.1, -0.55],
							"size": [3, 4, 1.1],
							"pivot": [-5.66334, 27.35536, 0.2],
							"rotation": [0, 0, -90],
							"uv": {
								"north": {"uv": [4, 6], "uv_size": [3, 4]},
								"east": {"uv": [10, 10], "uv_size": [2, 4]},
								"south": {"uv": [19, 11], "uv_size": [3, 3]},
								"west": {"uv": [12, 10], "uv_size": [2, 4]},
								"up": {"uv": [2, 22], "uv_size": [3, 2]},
								"down": {"uv": [4, 17], "uv_size": [3, -2]}
							}
						},
						{
							"origin": [-7.27677, 28.61865, -0.55],
							"size": [2.4, 3.6, 1.1],
							"inflate": -0.012,
							"pivot": [-5.66334, 27.35536, 0.2],
							"rotation": [0, 0, -115],
							"uv": {
								"north": {"uv": [4, 6], "uv_size": [1, 3]},
								"east": {"uv": [13, 18], "uv_size": [2, 3]},
								"south": {"uv": [4, 6], "uv_size": [1, 3]},
								"west": {"uv": [7, 13], "uv_size": [2, 3]},
								"up": {"uv": [7, 20], "uv_size": [3, 2]},
								"down": {"uv": [14, 4], "uv_size": [3, -2]}
							}
						},
						{
							"origin": [-8.45, 29.61865, -0.55],
							"size": [1.2, 2.6, 1.1],
							"inflate": -0.012,
							"pivot": [-5.66334, 27.3554, 0.2],
							"rotation": [0, 0, -115],
							"uv": {
								"north": {"uv": [4, 6], "uv_size": [1, 2]},
								"east": {"uv": [13, 18], "uv_size": [2, 3]},
								"south": {"uv": [4, 6], "uv_size": [1, 2]},
								"west": {"uv": [7, 13], "uv_size": [2, 3]},
								"up": {"uv": [7, 20], "uv_size": [3, 2]},
								"down": {"uv": [14, 4], "uv_size": [3, -2]}
							}
						},
						{
							"origin": [-3.96841, 26.16051, -0.55],
							"size": [3, 3, 1.1],
							"inflate": -0.012,
							"pivot": [-5.66334, 27.35536, 0.2],
							"rotation": [0, 0, -140],
							"uv": {
								"north": {"uv": [7, 10], "uv_size": [3, 3]},
								"east": {"uv": [9, 14], "uv_size": [2, 3]},
								"south": {"uv": [19, 8], "uv_size": [3, 3]},
								"west": {"uv": [24, 19], "uv_size": [2, 3]},
								"up": {"uv": [11, 14], "uv_size": [3, 2]},
								"down": {"uv": [18, 8], "uv_size": [3, -2]}
							}
						},
						{
							"origin": [-7.6, 26.5, -0.55],
							"size": [5, 3, 1.1],
							"inflate": 0.01,
							"pivot": [-5.26334, 27.75536, 0.2],
							"rotation": [0, 0, 90],
							"uv": {
								"north": {"uv": [4, 0], "uv_size": [5, 3]},
								"east": {"uv": [15, 6], "uv_size": [2, 3]},
								"south": {"uv": [4, 3], "uv_size": [5, 3]},
								"west": {"uv": [0, 16], "uv_size": [2, 3]},
								"up": {"uv": [9, 0], "uv_size": [5, 2]},
								"down": {"uv": [9, 4], "uv_size": [5, -2]}
							}
						},
						{
							"origin": [-6.80501, 12.28017, -0.696],
							"size": [1.788, 1.888, 1.392],
							"pivot": [-5.81101, 14.22417, 0],
							"rotation": [180, 0, 49.5],
							"uv": {
								"north": {"uv": [4, 7], "uv_size": [3, 3]},
								"east": {"uv": [13, 3], "uv_size": [2, 3]},
								"south": {"uv": [4, 7], "uv_size": [3, 3]},
								"west": {"uv": [17, 0], "uv_size": [2, 3]},
								"up": {"uv": [7, 20], "uv_size": [3, 2]},
								"down": {"uv": [14, 4], "uv_size": [3, -2]}
							}
						}
					]
				}
			]
		}
	]
}