{
	"format_version": "1.10.0",
	"geometry.cave_spider": {
		"texturewidth": 64,
		"textureheight": 64,
		"visible_bounds_width": 4,
		"visible_bounds_height": 2,
		"visible_bounds_offset": [0, 1, 0],
		"bones": [
			{
				"name": "body0",
				"pivot": [0, 9, 0]
			},
			{
				"name": "neck",
				"parent": "body0",
				"pivot": [0, 9, 0],
				"cubes": [
					{"origin": [-3, 6, -3], "size": [6, 6, 6], "uv": [0, 0]}
				]
			},
			{
				"name": "head",
				"parent": "body0",
				"pivot": [0, 9, -3]
			},
			{
				"name": "head2",
				"parent": "head",
				"pivot": [0, 9, -3],
				"cubes": [
					{"origin": [-4, 5, -11], "size": [8, 8, 8], "uv": [32, 4]},
					{"origin": [-1, 17, -13], "size": [2, 2, 2], "uv": [49, 31]},
					{"origin": [-3, 4, -13], "size": [2, 4, 2], "uv": [40, 6]},
					{"origin": [1, 4, -13], "size": [2, 4, 2], "uv": [40, 6]}
				]
			},
			{
				"name": "rotation3",
				"parent": "head2",
				"pivot": [0, 6, 7],
				"rotation": [40, 0, 0],
				"cubes": [
					{"origin": [-0.5, 19, 0], "size": [1, 8, 1], "uv": [42, 23]}
				]
			},
			{
				"name": "body1",
				"parent": "body0",
				"pivot": [0, 9, 9]
			},
			{
				"name": "body",
				"parent": "body1",
				"pivot": [0, 9, 9],
				"rotation": [7.5, 0, 0],
				"cubes": [
					{"origin": [-5.5, 5, 3], "size": [11, 10, 12], "uv": [0, 42]}
				]
			},
			{
				"name": "leg0",
				"parent": "body0",
				"pivot": [-4, 9, 2],
				"cubes": [
					{"origin": [-19, 8, 1], "size": [16, 2, 2], "uv": [18, 0]}
				]
			},
			{
				"name": "leg1",
				"parent": "body0",
				"pivot": [4, 9, 2],
				"cubes": [
					{"origin": [3, 8, 1], "size": [16, 2, 2], "uv": [18, 0], "mirror": true}
				]
			},
			{
				"name": "leg2",
				"parent": "body0",
				"pivot": [-4, 9, 1],
				"cubes": [
					{"origin": [-19, 8, 0], "size": [16, 2, 2], "uv": [18, 0]}
				]
			},
			{
				"name": "leg3",
				"parent": "body0",
				"pivot": [4, 9, 1],
				"cubes": [
					{"origin": [3, 8, 0], "size": [16, 2, 2], "uv": [18, 0], "mirror": true}
				]
			},
			{
				"name": "leg4",
				"parent": "body0",
				"pivot": [-4, 9, 0],
				"cubes": [
					{"origin": [-19, 8, -1], "size": [16, 2, 2], "uv": [18, 0]}
				]
			},
			{
				"name": "leg5",
				"parent": "body0",
				"pivot": [4, 9, 0],
				"cubes": [
					{"origin": [3, 8, -1], "size": [16, 2, 2], "uv": [18, 0], "mirror": true}
				]
			},
			{
				"name": "leg6",
				"parent": "body0",
				"pivot": [-4, 9, -1],
				"cubes": [
					{"origin": [-19, 8, -2], "size": [16, 2, 2], "uv": [18, 0]}
				]
			},
			{
				"name": "leg7",
				"parent": "body0",
				"pivot": [4, 9, -1],
				"cubes": [
					{"origin": [3, 8, -2], "size": [16, 2, 2], "uv": [18, 0], "mirror": true}
				]
			}
		]
	}
}
