{
	"format_version": "1.12.0",
	"minecraft:geometry": [
		{
			"description": {
				"identifier": "geometry.zombie.drowned.v1.16",
				"texture_width": 64,
				"texture_height": 178,
				"visible_bounds_width": 3,
				"visible_bounds_height": 4,
				"visible_bounds_offset": [0, 1, 0]
			},
			"bones": [
				{
					"name": "body",
					"pivot": [0, 24, 0],
					"cubes": [
						{"origin": [-4, 12, -2], "size": [8, 12, 4], "uv": [16, 16]}
					]
				},
				{
					"name": "jacket",
					"parent": "body",
					"pivot": [0, 24, 0],
					"cubes": [
						{"origin": [-4, 12, -2], "size": [8, 12, 4], "inflate": 0.1, "uv": [16, 130]}
					]
				},
				{
					"name": "head",
					"parent": "body",
					"pivot": [0, 24, 0]
				},
				{
					"name": "head2",
					"parent": "head",
					"pivot": [0, 24, 0],
					"cubes": [
						{"origin": [-4, 24, -4], "size": [8, 8, 8], "uv": [0, 0]},
						{"origin": [-4, 24, -4], "size": [8, 8, 8], "inflate": 0.1, "uv": [0, 114]},
						{"origin": [-4, 17, -4], "size": [8, 7, 0], "uv": [48, 57]},
						{"origin": [-6, 31, -5], "size": [12, 1, 10], "inflate": 0.1, "uv": [0, 32]},
						{"origin": [5, 32, -5], "size": [1, 2, 10], "uv": [42, 34]},
						{"origin": [-6, 32, -5], "size": [1, 2, 10], "uv": [42, 34]},
						{"origin": [-4, 32, -4], "size": [8, 3, 8], "uv": [32, 0]}
					]
				},
				{
					"name": "pirate",
					"parent": "head2",
					"pivot": [4, 30, 4],
					"rotation": [0, 12.5, 0],
					"cubes": [
						{"origin": [4, 30, 4], "size": [0, 3, 4], "uv": [24, 111]}
					]
				},
				{
					"name": "rightArm",
					"parent": "body",
					"pivot": [-5, 22, 0]
				},
				{
					"name": "rightItem",
					"parent": "rightArm",
					"pivot": [-6, 15, 0]
				},
				{
					"name": "right_arm",
					"parent": "rightArm",
					"pivot": [-5, 22, 0],
					"cubes": [
						{"origin": [-8, 12, -2], "size": [4, 12, 4], "uv": [40, 16]},
						{"origin": [-8, 12, -2], "size": [4, 12, 4], "inflate": 0.099, "uv": [40, 130]},
						{"origin": [-8.5, 6, 0], "size": [4, 6, 0], "uv": [56, 26]}
					]
				},
				{
					"name": "leftArm",
					"parent": "body",
					"pivot": [5, 22, 0]
				},
				{
					"name": "leftItem",
					"parent": "leftArm",
					"pivot": [6, 15, 1]
				},
				{
					"name": "left_arm",
					"parent": "leftArm",
					"pivot": [5, 22, 0],
					"cubes": [
						{"origin": [4, 12, -2], "size": [4, 12, 4], "uv": [32, 48]},
						{"origin": [4, 12, -2], "size": [4, 12, 4], "inflate": 0.099, "uv": [32, 162]}
					]
				},
				{
					"name": "rightLeg",
					"parent": "body",
					"pivot": [-1.9, 12, 0]
				},
				{
					"name": "right_leg",
					"parent": "rightLeg",
					"pivot": [-1.9, 12, 0],
					"cubes": [
						{"origin": [-4, 0, -2], "size": [4, 12, 4], "uv": [0, 16]},
						{"origin": [-4, 0, -2], "size": [4, 12, 4], "inflate": 0.099, "uv": [0, 130]}
					]
				},
				{
					"name": "leftLeg",
					"parent": "body",
					"pivot": [1.9, 12, 0]
				},
				{
					"name": "left_leg",
					"parent": "leftLeg",
					"pivot": [1.9, 12, 0],
					"cubes": [
						{"origin": [0, 0, -2], "size": [4, 12, 4], "uv": [16, 48]},
						{"origin": [0, 0, -2], "size": [4, 12, 4], "inflate": 0.099, "uv": [16, 162]},
						{"origin": [0, 9, -2], "size": [4, 3, 4], "inflate": -0.01, "uv": [16, 48]},
						{"origin": [0, 7, -2], "size": [4, 3, 4], "uv": [0, 43]},
						{"origin": [0, 10, -2], "size": [4, 2, 4], "uv": [0, 43]},
						{"origin": [0, 5, -2], "size": [4, 3, 4], "inflate": -0.5, "uv": [0, 43]},
						{"origin": [1, 0, -1], "size": [2, 9, 2], "uv": [0, 53]}
					]
				},
				{
					"name": "waist",
					"parent": "body",
					"pivot": [0, 12, 0]
				}
			]
		}
	]
}