{
	"format_version": "1.12.0",
	"minecraft:geometry": [
		{
			"description": {
				"identifier": "geometry.lantern",
				"texture_width": 16,
				"texture_height": 48,
				"visible_bounds_width": 3,
				"visible_bounds_height": 3,
				"visible_bounds_offset": [0, 0.5, 0]
			},
			"bones": [
				{
					"name": "rightItem",
					"pivot": [-6, 14.5, 1],
					"cubes": [
						{
							"origin": [-7, 8.5, -3],
							"size": [0, 4, 3],
							"pivot": [0, 0, 0],
							"rotation": [25, 45, 17.5],
							"uv": {
								"north": {"uv": [14, 7.57896], "uv_size": [0, 10.10526]},
								"east": {"uv": [8, 1], "uv_size": [3, 4]},
								"south": {"uv": [16, 7.57896], "uv_size": [0, 10.10526]},
								"west": {"uv": [11, 1], "uv_size": [3, 4]},
								"up": {"uv": [14, 0], "uv_size": [0, 7.57896]},
								"down": {"uv": [14, 7.57896], "uv_size": [0, -7.57896]}
							}
						},
						{
							"origin": [-1, 8.5, 5.5],
							"size": [0, 4, 3],
							"pivot": [0, 0, 0],
							"rotation": [25, -45, -17.5],
							"uv": {
								"north": {"uv": [14, 7.57896], "uv_size": [0, 10.10526]},
								"east": {"uv": [8, 1], "uv_size": [3, 4]},
								"south": {"uv": [16, 7.57896], "uv_size": [0, 10.10526]},
								"west": {"uv": [11, 1], "uv_size": [3, 4]},
								"up": {"uv": [14, 0], "uv_size": [0, 7.57896]},
								"down": {"uv": [14, 7.57896], "uv_size": [0, -7.57896]}
							}
						},
						{
							"origin": [-8, 7, 2],
							"size": [4, 2, 4],
							"pivot": [0, 0, 0],
							"rotation": [17.5, 0, 0],
							"uv": {
								"north": {"uv": [1, 0], "uv_size": [4, 2]},
								"east": {"uv": [1, 0], "uv_size": [4, 2]},
								"south": {"uv": [1, 0], "uv_size": [4, 2]},
								"west": {"uv": [1, 0], "uv_size": [4, 2]},
								"up": {"uv": [5, 14], "uv_size": [-4, -4]},
								"down": {"uv": [5, 13], "uv_size": [-4, -3]}
							}
						},
						{
							"origin": [-9, 0, 1],
							"size": [6, 7, 6],
							"pivot": [0, 0, 0],
							"rotation": [17.5, 0, 0],
							"uv": {
								"north": {"uv": [0, 2], "uv_size": [6, 7]},
								"east": {"uv": [0, 2], "uv_size": [6, 7]},
								"south": {"uv": [0, 2], "uv_size": [6, 7]},
								"west": {"uv": [0, 2], "uv_size": [6, 7]},
								"up": {"uv": [6, 15], "uv_size": [-6, -6]},
								"down": {"uv": [6, 15], "uv_size": [-6, -6]}
							}
						}
					]
				}
			]
		}
	]
}