{
	"format_version": "1.10.0",
	"geometry.pig.v1.8": {
		"texturewidth": 300,
		"textureheight": 300,
		"visible_bounds_width": 3,
		"visible_bounds_height": 3.25,
		"visible_bounds_offset": [0, 1.375, 0],
		"bones": [
			{
				"name": "body",
				"pivot": [0, 13, 2]
			},
			{
				"name": "head",
				"parent": "body",
				"pivot": [0, 12, -6],
				"locators": {
					"lead": [0, 14, -6]
				}
			},
			{
				"name": "head2",
				"parent": "head",
				"pivot": [0, 12, -6],
				"cubes": [
					{"origin": [-4, 8, -14], "size": [8, 8, 8], "uv": [0, 0]},
					{"origin": [-4, 8, -14], "size": [8, 8, 8], "uv": [268, 32], "inflate": 0.25},
					{"origin": [-3, 9, -15], "size": [6, 3, 1], "uv": [0, 28]},
					{"origin": [3, 9, -15], "size": [1, 2, 1], "uv": [0, 43]},
					{"origin": [-4, 9, -15], "size": [1, 2, 1], "uv": [0, 43]}
				]
			},
			{
				"name": "ear",
				"parent": "head2",
				"pivot": [-3, 15, -10],
				"rotation": [0, 0, 25],
				"cubes": [
					{"origin": [-4, 10, -12], "size": [1, 5, 4], "uv": [18, 16]}
				]
			},
			{
				"name": "ear2",
				"parent": "head2",
				"pivot": [3, 15, -10],
				"rotation": [0, 0, -25],
				"cubes": [
					{"origin": [3, 10, -12], "size": [1, 5, 4], "uv": [18, 25]}
				]
			},
			{
				"name": "flower",
				"parent": "head2",
				"pivot": [0, 0, 0],
				"cubes": [
					{"origin": [-1, 16, -13], "size": [4, 1, 4], "uv": [28, 3]},
					{"origin": [0, 17, -11], "size": [4, 6, 0], "uv": [45, 2]}
				]
			},
			{
				"name": "boar",
				"parent": "head2",
				"pivot": [0, 0, 0],
				"cubes": [
					{"origin": [0, 16, -11], "size": [0, 4, 3], "uv": [57, 8]}
				]
			},
			{
				"name": "technoblade",
				"parent": "head2",
				"pivot": [0, 0, 0],
				"cubes": [
					{"origin": [-4, 14, -14], "size": [8, 3, 8], "uv": [0, 117], "inflate": 0.25}
				]
			},
			{
				"name": "einswine",
				"parent": "head2",
				"pivot": [0, 12, -6],
				"cubes": [
					{"origin": [-4, 13, -14], "size": [8, 3, 8], "uv": [0, 101], "inflate": 0.25},
					{"origin": [-3, 17.5, -13], "size": [6, 4, 6], "uv": [40, 111], "inflate": -0.25},
					{"origin": [-3, 16, -13], "size": [6, 1, 6], "uv": [40, 121], "inflate": 0.25},
					{"origin": [-3, 17, -13], "size": [6, 5, 6], "uv": [40, 100]}
				]
			},
			{
				"name": "olimar",
				"parent": "head2",
				"pivot": [0, 0, 0],
				"cubes": [
					{"origin": [-1.5, 22, -11], "size": [3, 2, 2], "uv": [42, 91]},
					{"origin": [-0.5, 18, -10.5], "size": [1, 4, 1], "uv": [58, 95]},
					{"origin": [-2, 17, -12], "size": [4, 1, 4], "uv": [42, 95]},
					{"origin": [-6, 7, -15], "size": [12, 10, 9], "uv": [0, 82], "inflate": 0.1}
				]
			},
			{
				"name": "pirate",
				"parent": "head2",
				"pivot": [4, 15, -6],
				"rotation": [0, 12.5, 0],
				"cubes": [
					{"origin": [4, 14, -6], "size": [0, 3, 4], "uv": [56, -4]}
				]
			},
			{
				"name": "blowhog",
				"parent": "head2",
				"pivot": [0, 0, 0],
				"cubes": [
					{"origin": [-1.5, 10.5, -19], "size": [3, 3, 1], "uv": [56, 76]},
					{"origin": [-1, 11, -18], "size": [2, 2, 4], "uv": [46, 74]}
				]
			},
			{
				"name": "hamburglar",
				"parent": "head2",
				"pivot": [0, 0, 0],
				"cubes": [
					{"origin": [-3, 18.6, -13], "size": [6, 1, 6], "uv": [35, 82], "inflate": 0.2},
					{"origin": [-3, 17.5, -13], "size": [6, 1, 6], "uv": [40, 59]},
					{"origin": [-3, 17, -13], "size": [6, 1, 6], "uv": [40, 66], "inflate": 0.1},
					{"origin": [-3, 16, -13], "size": [6, 1, 6], "uv": [35, 82], "inflate": 0.2}
				]
			},
			{
				"name": "wildcat",
				"parent": "head2",
				"pivot": [0, -2, 0],
				"cubes": [
					{"origin": [-5, 10, -14], "size": [10, 7, 9], "uv": [0, 240], "inflate": 0.1},
					{"origin": [-4, 14, -17], "size": [8, 1, 3], "uv": [19, 67]}
				]
			},
			{
				"name": "wildcat_ear",
				"parent": "wildcat",
				"pivot": [-4, 15, -10],
				"rotation": [0, 0, 25],
				"cubes": [
					{"origin": [-5, 10, -12], "size": [1, 5, 4], "uv": [0, 32]}
				]
			},
			{
				"name": "wildcat_ear2",
				"parent": "wildcat",
				"pivot": [4, 15, -10],
				"rotation": [0, 0, -25],
				"cubes": [
					{"origin": [4, 10, -12], "size": [1, 5, 4], "uv": [0, 32]}
				]
			},
			{
				"name": "evil_dr_porkchop",
				"parent": "head2",
				"pivot": [0, 0, 0],
				"cubes": [
					{"origin": [-2, 17, -12], "size": [4, 5, 4], "uv": [6, 40]},
					{"origin": [-3, 16, -13], "size": [6, 1, 6], "uv": [0, 49]}
				]
			},
			{
				"name": "sensboar",
				"parent": "head2",
				"pivot": [0, 0, 0],
				"cubes": [
					{"origin": [-1, 16, -11], "size": [2, 6, 2], "uv": [36, 32]}
				]
			},
			{
				"name": "bokoblin",
				"parent": "head2",
				"pivot": [0, 0, 0],
				"cubes": [
					{"origin": [-1, 16, -11], "size": [2, 3, 2], "uv": [0, 0]}
				]
			},
			{
				"name": "bow_piggie",
				"parent": "head2",
				"pivot": [3, 16, -14],
				"rotation": [0, 0, 17.5],
				"cubes": [
					{"origin": [0, 14, -14.01], "size": [6, 4, 0], "uv": [13, 35]}
				]
			},
			{
				"name": "bow_piggie_eyelashes",
				"parent": "head2",
				"pivot": [0, 13, -14],
				"rotation": [45, 0, 0],
				"cubes": [
					{"origin": [-4, 13, -14], "size": [2, 1, 0], "uv": [0, 6]},
					{"origin": [2, 13, -14], "size": [2, 1, 0], "uv": [0, 6]}
				]
			},
			{
				"name": "soldier_piggie",
				"parent": "head2",
				"pivot": [0, 0, 0],
				"cubes": [
					{"origin": [-5, 7, -11], "size": [0, 3, 2], "uv": [26, 52]},
					{"origin": [5, 6, -11], "size": [0, 4, 2], "uv": [32, 51]}
				]
			},
			{
				"name": "king_piggie",
				"parent": "head2",
				"pivot": [2, 15, -11],
				"rotation": [-5, 0, 7.5],
				"cubes": [
					{"origin": [0, 15, -13], "size": [4, 5, 4], "uv": [22, 42]}
				]
			},
			{
				"name": "pizza",
				"parent": "head2",
				"pivot": [0, 1, 0],
				"cubes": [
					{"origin": [-6, 16, -13], "size": [12, 2, 1], "uv": [102, 35]},
					{"origin": [-5, 8, -13], "size": [10, 8, 1], "uv": [79, 35]},
					{"origin": [-4, 5, -13], "size": [8, 3, 1], "uv": [110, 39]},
					{"origin": [-2, 2, -13], "size": [4, 3, 1], "uv": [118, 45]},
					{"origin": [-5, -1, -13], "size": [10, 9, 0], "uv": [108, 50]}
				]
			},
			{
				"name": "hotdog_head",
				"parent": "head2",
				"pivot": [0, 0, 0],
				"cubes": [
					{"origin": [-3, 16, -12], "size": [6, 3, 4], "uv": [65, 63]},
					{"origin": [-4, 17, -11], "size": [8, 2, 2], "uv": [65, 70], "inflate": 0.1}
				]
			},
			{
				"name": "hamboarger",
				"parent": "head2",
				"pivot": [0, 0, 0],
				"cubes": [
					{"origin": [-2, 20.3, -10], "size": [1, 1, 1], "uv": [114, 94]},
					{"origin": [-2, 20.3, -10.21], "size": [1, 1, 1], "uv": [118, 94], "inflate": -0.2},
					{"origin": [-3, 19.1, -13], "size": [6, 1, 6], "uv": [104, 121], "inflate": 0.2},
					{"origin": [-3, 18.5, -13], "size": [6, 1, 6], "uv": [104, 100], "inflate": 0.1},
					{"origin": [-3, 17.5, -13], "size": [6, 1, 6], "uv": [104, 107]},
					{"origin": [-3, 17, -13], "size": [6, 1, 6], "uv": [104, 114], "inflate": 0.1},
					{"origin": [-3, 16, -13], "size": [6, 1, 6], "uv": [104, 121], "inflate": 0.2},
					{"origin": [1, 15, -14], "size": [3, 1, 3], "uv": [110, 96], "inflate": 0.1}
				]
			},
			{
				"name": "pickle",
				"parent": "hamboarger",
				"pivot": [-4, 8, -11],
				"rotation": [-90, -90, 0],
				"cubes": [
					{"origin": [-6, 7, -12], "size": [3, 1, 3], "uv": [110, 96], "inflate": 0.1}
				]
			},
			{
				"name": "icecream",
				"parent": "head2",
				"pivot": [0, 0, 0],
				"cubes": [
					{"origin": [-3, 16, -13], "size": [3, 3, 3], "uv": [91, 122]},
					{"origin": [0, 16, -11], "size": [3, 3, 3], "uv": [78, 115]},
					{"origin": [-2, 19, -12], "size": [3, 3, 3], "uv": [78, 122]},
					{"origin": [-4, 16, -10], "size": [3, 3, 3], "uv": [91, 115]}
				]
			},
			{
				"name": "donut",
				"parent": "head2",
				"pivot": [0, 0, 0],
				"cubes": [
					{"origin": [-3, 16, -13], "size": [6, 2, 6], "uv": [84, 0]},
					{"origin": [-1, 16, -11], "size": [2, 2, 2], "uv": [81, 1]}
				]
			},
			{
				"name": "boarista_cup",
				"parent": "head2",
				"pivot": [0, 0, 0],
				"cubes": [
					{"origin": [-2, 21, -12], "size": [4, 1, 4], "uv": [112, 6], "inflate": 0.1},
					{"origin": [-2, 16, -12], "size": [4, 5, 4], "uv": [112, 11]},
					{"origin": [-2, 16, -12], "size": [4, 5, 4], "uv": [112, 20], "inflate": 0.05}
				]
			},
			{
				"name": "boarista_straw",
				"parent": "boarista_cup",
				"pivot": [1, 22, -10],
				"rotation": [-20, 0, 0],
				"cubes": [
					{"origin": [0, 22, -10], "size": [1, 4, 0], "uv": [126, 5]}
				]
			},
			{
				"name": "jam_jar",
				"parent": "head2",
				"pivot": [0, 0, 0],
				"cubes": [
					{"origin": [-3, 16, -13], "size": [6, 6, 6], "uv": [104, 60]},
					{"origin": [-3, 16, -13], "size": [6, 6, 6], "uv": [104, 73], "inflate": 0.1},
					{"origin": [-3, 22, -13], "size": [6, 1, 6], "uv": [104, 85], "inflate": 0.2},
					{"origin": [-4, 3, -14], "size": [8, 5, 0], "uv": [112, 131]},
					{"origin": [4, 4, -11], "size": [0, 4, 2], "uv": [124, 138]},
					{"origin": [-4, 4, -13], "size": [0, 4, 2], "uv": [117, 138]}
				]
			},
			{
				"name": "plant_pot",
				"parent": "head2",
				"pivot": [0, 0, 0],
				"cubes": [
					{"origin": [-3, 16, -13], "size": [6, 5, 6], "uv": [104, 174]},
					{"origin": [-4, 21, -14], "size": [8, 2, 8], "uv": [96, 162]}
				]
			},
			{
				"name": "berry_bush",
				"parent": "plant_pot",
				"pivot": [0, 23, -10],
				"rotation": [0, -45, 0],
				"cubes": [
					{"origin": [-5, 23, -10], "size": [10, 11, 0], "uv": [104, 145]}
				]
			},
			{
				"name": "berry_bush2",
				"parent": "plant_pot",
				"pivot": [0, 23, -10],
				"rotation": [0, 45, 0],
				"cubes": [
					{"origin": [-5, 23, -10], "size": [10, 11, 0], "uv": [104, 145]}
				]
			},
			{
				"name": "ducky",
				"parent": "head2",
				"pivot": [0, 2, 2],
				"cubes": [
					{"origin": [-2, 16, -13], "size": [4, 2, 6], "uv": [69, 131], "inflate": 0.25},
					{"origin": [-1, 18, -13], "size": [2, 4, 2], "uv": [102, 135]},
					{"origin": [-1, 20, -15], "size": [2, 1, 2], "uv": [92, 137]}
				]
			},
			{
				"name": "snorkel",
				"parent": "head2",
				"pivot": [0, 0, 0],
				"cubes": [
					{"origin": [-4, 11, -15], "size": [8, 4, 2], "uv": [0, 132], "inflate": 0.01},
					{"origin": [4, 8, -13], "size": [1, 11, 1], "uv": [0, 140]},
					{"origin": [4, 8, -15], "size": [1, 1, 2], "uv": [7, 140]},
					{"origin": [0, 8, -15], "size": [4, 1, 1], "uv": [0, 154]}
				]
			},
			{
				"name": "gulper",
				"parent": "head2",
				"pivot": [0, 0, 0],
				"cubes": [
					{"origin": [-2, 16, -12], "size": [4, 8, 4], "uv": [23, 131], "inflate": -0.1},
					{"origin": [-2, 16, -12], "size": [4, 8, 4], "uv": [40, 131]},
					{"origin": [-1, 23.8, -11], "size": [1, 1, 1], "uv": [57, 141]},
					{"origin": [1, 23, -10], "size": [2, 3, 1], "uv": [62, 139]}
				]
			},
			{
				"name": "straw",
				"parent": "gulper",
				"pivot": [0, 23, -9],
				"rotation": [-20, -25, 0],
				"cubes": [
					{"origin": [-1.5, 23.5, -9], "size": [1, 4, 0], "uv": [69, 139]}
				]
			},
			{
				"name": "drowned",
				"parent": "head2",
				"pivot": [0, 0, 0],
				"cubes": [
					{"origin": [-5, 7, -15], "size": [10, 10, 10], "uv": [0, 280], "inflate": 0.1},
					{"origin": [-5, 17, -9], "size": [5, 8, 0], "uv": [0, 267]},
					{"origin": [4, 15, -10], "size": [5, 8, 0], "uv": [10, 267]},
					{"origin": [1, 17, -14], "size": [3, 1, 3], "uv": [32, 285]},
					{"origin": [5, 8, -14], "size": [1, 8, 8], "uv": [47, 277], "inflate": 0.1},
					{"origin": [-6, 8, -14], "size": [1, 8, 8], "uv": [47, 277], "inflate": 0.1}
				]
			},
			{
				"name": "frakenswines_monster",
				"parent": "head2",
				"pivot": [0, 0, 0],
				"cubes": [
					{"origin": [1, 17.6, -11], "size": [2, 1, 2], "uv": [64, 123]},
					{"origin": [1, 15.8, -11], "size": [2, 2, 2], "uv": [70, 116], "inflate": -0.2}
				]
			},
			{
				"name": "mirror",
				"parent": "head2",
				"pivot": [0, 0, 0],
				"cubes": [
					{"origin": [-5, 16, -15], "size": [10, 7, 10], "uv": [88, 239]}
				]
			},
			{
				"name": "frakenswine",
				"parent": "head2",
				"pivot": [0, 0, 0],
				"cubes": [
					{"origin": [2, 12, -16], "size": [2, 2, 2], "uv": [120, 239]},
					{"origin": [-4, 12, -16], "size": [2, 2, 2], "uv": [120, 239]}
				]
			},
			{
				"name": "imporkster",
				"parent": "head2",
				"pivot": [0, 0, 0],
				"cubes": [
					{"origin": [-4, 10, -15], "size": [8, 4, 1], "uv": [0, 59]}
				]
			},
			{
				"name": "mask",
				"parent": "head2",
				"pivot": [0, 0, 0],
				"cubes": [
					{"origin": [-4, 8, -14], "size": [8, 8, 1], "uv": [110, 210], "inflate": 0.1}
				]
			},
			{
				"name": "oink_o_lantern",
				"parent": "head2",
				"pivot": [0, 0, 0],
				"cubes": [
					{"origin": [-1, 23, -11], "size": [2, 3, 2], "uv": [127, 287]},
					{"origin": [1, 25, -10], "size": [1, 2, 0], "uv": [135, 290]},
					{"origin": [-4, 15.5, -14], "size": [8, 8, 8], "uv": [103, 284], "inflate": -0.5}
				]
			},
			{
				"name": "heisenboarg",
				"parent": "head2",
				"pivot": [0, 0, 0],
				"cubes": [
					{"origin": [-3, 16, -13], "size": [6, 3, 6], "uv": [80, 75]},
					{"origin": [-5, 15, -15], "size": [10, 1, 10], "uv": [73, 84], "inflate": 0.1},
					{"origin": [-3, 7, -15], "size": [6, 2, 1], "uv": [90, 72]}
				]
			},
			{
				"name": "bird_costume",
				"parent": "head2",
				"pivot": [0, 0, 0],
				"cubes": [
					{"origin": [-1, 6, -13], "size": [2, 2, 5], "uv": [286, 227]},
					{"origin": [-4, 14, -17], "size": [8, 2, 3], "uv": [278, 247]},
					{"origin": [-4, 16, -14], "size": [8, 2, 8], "uv": [268, 235], "inflate": 0.01}
				]
			},
			{
				"name": "the_coppork_golem",
				"parent": "head2",
				"pivot": [0, 2, -12],
				"cubes": [
					{"origin": [-2, 19, -12], "size": [4, 3, 4], "uv": [284, 220]},
					{"origin": [-1, 16, -11], "size": [2, 3, 2], "uv": [292, 215]}
				]
			},
			{
				"name": "the_boarnacle",
				"parent": "head2",
				"pivot": [0, -5, -12],
				"rotation": [-35, 0, 0],
				"cubes": [
					{"origin": [-4, 11, -26], "size": [8, 8, 8], "uv": [2, 194], "inflate": 0.25}
				]
			},
			{
				"name": "the_boarnacle_rotate",
				"parent": "the_boarnacle",
				"pivot": [0, 19, -22],
				"rotation": [-2.5, 0, 0],
				"cubes": [
					{"origin": [-4, 19.5, -26], "size": [8, 8, 8], "uv": [34, 194], "inflate": 0.25}
				]
			},
			{
				"name": "the_boarnacle_rotate2",
				"parent": "the_boarnacle",
				"pivot": [0, 18, -22],
				"rotation": [-10, 0, 0],
				"cubes": [
					{"origin": [-4, 18.5, -26], "size": [8, 8, 8], "uv": [34, 194], "inflate": -0.5},
					{"origin": [-4, 24.5, -26], "size": [8, 8, 8], "uv": [34, 194], "inflate": -0.5}
				]
			},
			{
				"name": "sniffer",
				"parent": "head2",
				"pivot": [0, 0, 0],
				"cubes": [
					{"origin": [-4, 15, -17], "size": [8, 2, 3], "uv": [262, 230], "inflate": 0.01},
					{"origin": [-4, 15.5, -13], "size": [8, 1, 2], "uv": [263, 225], "inflate": 0.02}
				]
			},
			{
				"name": "moobloom",
				"parent": "head2",
				"pivot": [0, 0, 0],
				"cubes": [
					{"origin": [-5, 14, -13], "size": [1, 3, 1], "uv": [296, 50]},
					{"origin": [4, 14, -13], "size": [1, 3, 1], "uv": [296, 50]}
				]
			},
			{
				"name": "moobloom_flower",
				"parent": "moobloom",
				"pivot": [0, 16, -10],
				"rotation": [0, -45, 0],
				"cubes": [
					{"origin": [0, 16, -13], "size": [0, 9, 6], "uv": [288, 49]}
				]
			},
			{
				"name": "moobloom_flower2",
				"parent": "moobloom",
				"pivot": [0, 16, -10],
				"rotation": [0, 45, 0],
				"cubes": [
					{"origin": [0, 16, -13], "size": [0, 9, 6], "uv": [288, 49]}
				]
			},
			{
				"name": "alligator",
				"parent": "head2",
				"pivot": [0, 0, 0],
				"cubes": [
					{"origin": [-4, 16, -10], "size": [2, 2, 2], "uv": [292, 66]},
					{"origin": [2, 16, -10], "size": [2, 2, 2], "uv": [284, 66]}
				]
			},
			{
				"name": "leg0",
				"parent": "body",
				"pivot": [-3, 6, 7]
			},
			{
				"name": "leg4",
				"parent": "leg0",
				"pivot": [-3, 6, 7],
				"cubes": [
					{"origin": [-5, 0, 5], "size": [4, 6, 4], "uv": [0, 16]},
					{"origin": [-5, 0, 5], "size": [4, 6, 4], "uv": [86, 44], "inflate": 0.01}
				]
			},
			{
				"name": "leg1",
				"parent": "body",
				"pivot": [3, 6, 7],
				"mirror": true
			},
			{
				"name": "leg5",
				"parent": "leg1",
				"pivot": [3, 6, 7],
				"cubes": [
					{"origin": [1, 0, 5], "size": [4, 6, 4], "uv": [0, 16]},
					{"origin": [1, 0, 5], "size": [4, 6, 4], "uv": [86, 54], "inflate": 0.01}
				]
			},
			{
				"name": "leg2",
				"parent": "body",
				"pivot": [-3, 6, -5]
			},
			{
				"name": "leg6",
				"parent": "leg2",
				"pivot": [-3, 6, -5],
				"cubes": [
					{"origin": [-5, 0, -7], "size": [4, 6, 4], "uv": [0, 16]},
					{"origin": [-5, 0, -7], "size": [4, 6, 4], "uv": [148, 0], "inflate": 0.01},
					{"origin": [-5, 1, -6.3], "size": [4, 5, 4], "uv": [246, 0]},
					{"origin": [-4, 0, -6.3], "size": [3, 2, 4], "uv": [286, 26]}
				]
			},
			{
				"name": "leg3",
				"parent": "body",
				"pivot": [3, 6, -5],
				"mirror": true
			},
			{
				"name": "leg7",
				"parent": "leg3",
				"pivot": [3, 6, -5],
				"cubes": [
					{"origin": [1, 0, -7], "size": [4, 6, 4], "uv": [0, 16]},
					{"origin": [1, 0, -7], "size": [4, 6, 4], "uv": [65, 0], "inflate": 0.01},
					{"origin": [1, 0, -6.3], "size": [3, 2, 4], "uv": [286, 26]}
				]
			},
			{
				"name": "leg4_sub_0",
				"parent": "leg7",
				"pivot": [0, 0, 0],
				"mirror": true,
				"cubes": [
					{"origin": [1, 1, -6.3], "size": [4, 5, 4], "uv": [246, 0]}
				]
			},
			{
				"name": "body2",
				"parent": "body",
				"pivot": [0, 13, 2],
				"rotation": [90, 0, 0],
				"cubes": [
					{"origin": [-5, 7, -5], "size": [10, 16, 8], "uv": [28, 8]},
					{"origin": [-5, 7, -5], "size": [10, 16, 8], "uv": [67, 276], "inflate": 0.25}
				]
			},
			{
				"name": "gus",
				"parent": "body2",
				"pivot": [0, 15, 3],
				"rotation": [-90, 0, 0],
				"cubes": [
					{"origin": [-5, 7, -1], "size": [10, 16, 8], "uv": [264, 276]}
				]
			},
			{
				"name": "gus_head",
				"parent": "gus",
				"pivot": [0, 23, 3],
				"cubes": [
					{"origin": [-3, 24, -2], "size": [6, 3, 1], "uv": [286, 256]},
					{"origin": [-4, 23, -1], "size": [8, 8, 8], "uv": [268, 260]}
				]
			},
			{
				"name": "gus_ear",
				"parent": "gus_head",
				"pivot": [-3, 30, 3],
				"rotation": [0, 0, 25],
				"cubes": [
					{"origin": [-4, 25, 1], "size": [1, 5, 4], "uv": [266, 259]}
				]
			},
			{
				"name": "gus_ear2",
				"parent": "gus_head",
				"pivot": [3, 30, 3],
				"rotation": [0, 0, -25],
				"cubes": [
					{"origin": [3, 25, 1], "size": [1, 5, 4], "uv": [266, 250]}
				]
			},
			{
				"name": "gus_jam",
				"parent": "gus_head",
				"pivot": [0, 15, 13],
				"cubes": [
					{"origin": [-3, 37, 0], "size": [6, 1, 6], "uv": [242, 263], "inflate": 0.2},
					{"origin": [-3, 31, 0], "size": [6, 6, 6], "uv": [242, 251], "inflate": 0.1},
					{"origin": [-3, 31, 0], "size": [6, 6, 6], "uv": [242, 238]}
				]
			},
			{
				"name": "gus_leg1",
				"parent": "gus",
				"pivot": [-3, 7, 3],
				"cubes": [
					{"origin": [-5, 1, 1], "size": [4, 6, 4], "uv": [248, 290]},
					{"origin": [-5, 1, 1], "size": [4, 6, 4], "uv": [248, 280], "inflate": 0.01}
				]
			},
			{
				"name": "gus_leg2",
				"parent": "gus",
				"pivot": [3, 7, 3],
				"cubes": [
					{"origin": [1, 1, 1], "size": [4, 6, 4], "uv": [232, 290]},
					{"origin": [1, 1, 1], "size": [4, 6, 4], "uv": [232, 280], "inflate": 0.01}
				]
			},
			{
				"name": "gus_leg3",
				"parent": "gus",
				"pivot": [-5, 20, 3],
				"rotation": [0, 0, 90],
				"cubes": [
					{"origin": [-7, 14, 1], "size": [4, 6, 4], "uv": [248, 270]}
				]
			},
			{
				"name": "gus_leg4",
				"parent": "gus",
				"pivot": [5, 20, 3],
				"rotation": [0, 0, -90],
				"cubes": [
					{"origin": [3, 14, 1], "size": [4, 6, 4], "uv": [216, 290]},
					{"origin": [3, 14, 1], "size": [4, 6, 4], "uv": [216, 280], "inflate": 0.01}
				]
			},
			{
				"name": "sensboar_body",
				"parent": "body2",
				"pivot": [0, 0, 0],
				"cubes": [
					{"origin": [-6, 16.5, -3.5], "size": [1, 5, 5], "uv": [38, 42]},
					{"origin": [5, 8.5, -3], "size": [0, 6, 4], "uv": [26, 32], "inflate": -0.1},
					{"origin": [-4, 11, 3], "size": [8, 8, 2], "uv": [44, 32]}
				]
			},
			{
				"name": "wire",
				"parent": "sensboar_body",
				"pivot": [5, 18, -1],
				"rotation": [0, 80, 0],
				"cubes": [
					{"origin": [5, 16, -1], "size": [7, 4, 0], "uv": [50, 42]}
				]
			},
			{
				"name": "wire2",
				"parent": "sensboar_body",
				"pivot": [-5, 13, -1],
				"rotation": [0, -85, 0],
				"cubes": [
					{"origin": [-10, 10, -1], "size": [5, 6, 0], "uv": [50, 47]}
				]
			},
			{
				"name": "large_donut",
				"parent": "body2",
				"pivot": [0, 0, 0],
				"cubes": [
					{"origin": [-8, 12, -8], "size": [16, 4, 14], "uv": [65, 16]}
				]
			},
			{
				"name": "hotdog",
				"parent": "body2",
				"pivot": [0, 0, 0],
				"cubes": [
					{"origin": [4, 7, -5], "size": [2, 16, 9], "uv": [64, 38], "inflate": 0.01},
					{"origin": [-6, 7, -5], "size": [2, 16, 9], "uv": [64, 38], "inflate": 0.01}
				]
			},
			{
				"name": "boarista",
				"parent": "body2",
				"pivot": [0, 0, 0],
				"cubes": [
					{"origin": [-5, 23, -9], "size": [10, 0, 4], "uv": [104, 0]}
				]
			},
			{
				"name": "frakenswines_monster_body",
				"parent": "body2",
				"pivot": [0, 0, 0],
				"cubes": [
					{"origin": [4.8, 17, -2], "size": [2, 2, 2], "uv": [70, 124], "inflate": -0.2},
					{"origin": [-6.8, 13, -2], "size": [2, 2, 2], "uv": [70, 124], "inflate": -0.2},
					{"origin": [6.6, 17, -2], "size": [1, 2, 2], "uv": [73, 120]},
					{"origin": [-7.6, 13, -2], "size": [1, 2, 2], "uv": [73, 120]}
				]
			},
			{
				"name": "ghostly",
				"parent": "body2",
				"pivot": [0, 0, 0],
				"cubes": [
					{"origin": [-5, 7, -7.99], "size": [10, 16, 3], "uv": [78, 96], "inflate": -0.001}
				]
			},
			{
				"name": "chest",
				"parent": "body2",
				"pivot": [0, 14, 3],
				"rotation": [-90, 0, 0],
				"cubes": [
					{"origin": [-10, 14, -4], "size": [20, 10, 14], "uv": [0, 151]}
				]
			},
			{
				"name": "topchest",
				"parent": "chest",
				"pivot": [0, 24, 10],
				"cubes": [
					{"origin": [-10, 24, -4], "size": [20, 5, 14], "uv": [0, 175]},
					{"origin": [-4, 20, -7], "size": [8, 8, 2], "uv": [0, 216], "inflate": -2},
					{"origin": [-2, 22, -5], "size": [4, 4, 1], "uv": [0, 194]}
				]
			},
			{
				"name": "haunted_chest_top",
				"parent": "chest",
				"pivot": [0, 24, 10],
				"cubes": [
					{"origin": [-10, 24, -4], "size": [20, 5, 14], "uv": [169, 249]},
					{"origin": [-4, 20, -7], "size": [8, 8, 2], "uv": [169, 290], "inflate": -2},
					{"origin": [-2, 22, -5], "size": [4, 4, 1], "uv": [169, 268]}
				]
			},
			{
				"name": "bowtie",
				"parent": "body2",
				"pivot": [0, 23, -5],
				"rotation": [10, 0, 0],
				"cubes": [
					{"origin": [-3, 23, -7], "size": [6, 0, 4], "uv": [136, 296]}
				]
			},
			{
				"name": "octopod",
				"parent": "body2",
				"pivot": [0, 18, -1],
				"cubes": [
					{"origin": [-4, 9, -4], "size": [8, 18, 8], "uv": [268, 0]},
					{"origin": [-4, 16, -4], "size": [8, 4, 8], "uv": [236, 20], "inflate": 0.35},
					{"origin": [-3.5, 27, 0], "size": [3, 2, 3], "uv": [233, 0]},
					{"origin": [0.5, 27, 0], "size": [3, 2, 3], "uv": [233, 0]},
					{"origin": [-3.5, 27, 0], "size": [3, 1, 3], "uv": [221, 1]},
					{"origin": [0.5, 27, 0], "size": [3, 1, 3], "uv": [221, 1]},
					{"origin": [-4, 4, 0], "size": [8, 5, 0], "uv": [252, 9]},
					{"origin": [0, 4, -4], "size": [0, 5, 8], "uv": [252, 1]},
					{"origin": [-2, 17.5, -6.3], "size": [4, 1, 2], "uv": [238, 11]},
					{"origin": [4.35, 16, -3.5], "size": [6, 4, 0], "uv": [268, 28]},
					{"origin": [-10.35, 16, -3.5], "size": [6, 4, 0], "uv": [274, 28]}
				]
			},
			{
				"name": "octopod_snout",
				"parent": "octopod",
				"pivot": [0, 27, -2],
				"rotation": [-90, 0, 0],
				"cubes": [
					{"origin": [-1, 26, -4], "size": [2, 2, 2], "uv": [236, 5]},
					{"origin": [-1.5, 25.5, -5], "size": [3, 3, 2], "uv": [244, 14], "inflate": -0.25}
				]
			},
			{
				"name": "moobloom_body",
				"parent": "body2",
				"pivot": [-2, 14, 3],
				"rotation": [-90, 0, 0]
			},
			{
				"name": "moobloom_flower3",
				"parent": "moobloom_body",
				"pivot": [-2, 14, 3],
				"rotation": [0, -45, 0],
				"cubes": [
					{"origin": [-2, 14, 0], "size": [0, 9, 6], "uv": [288, 49]}
				]
			},
			{
				"name": "moobloom_flower4",
				"parent": "moobloom_body",
				"pivot": [-2, 14, 3],
				"rotation": [0, 45, 0],
				"cubes": [
					{"origin": [-2, 14, 0], "size": [0, 9, 6], "uv": [288, 49]}
				]
			}
		]
	}
}