{
	"format_version": "1.10.0",
	"geometry.pillager": {
		"texturewidth": 64,
		"textureheight": 178,
		"visible_bounds_width": 3,
		"visible_bounds_height": 4,
		"visible_bounds_offset": [0, 2, 0],
		"bones": [
			{
				"name": "waist",
				"pivot": [0, 12, 0]
			},
			{
				"name": "body",
				"parent": "waist",
				"pivot": [0, 0, 0],
				"cubes": [
					{"origin": [-4, 12, -3], "size": [8, 12, 6], "uv": [16, 20]},
					{"origin": [-4, 6, -3], "size": [8, 18, 6], "uv": [0, 38], "inflate": 0.5}
				]
			},
			{
				"name": "rotation",
				"parent": "body",
				"pivot": [9, 2, 0],
				"rotation": [0, 0, -30]
			},
			{
				"name": "quiver",
				"parent": "rotation",
				"pivot": [9, 2, 0],
				"cubes": [
					{"origin": [6, 14, 3], "size": [6, 12, 4], "uv": [44, 162]}
				]
			},
			{
				"name": "arrow",
				"parent": "quiver",
				"pivot": [9, 2, 0],
				"cubes": [
					{"origin": [10, 26, 2.5], "size": [0, 7, 5], "uv": [33, 166]},
					{"origin": [7.5, 26, 5], "size": [5, 7, 0], "uv": [33, 171]}
				]
			},
			{
				"name": "arrow2",
				"parent": "quiver",
				"pivot": [15, 3, 0],
				"rotation": [0, 0, -12.5],
				"cubes": [
					{"origin": [10.5, 25, 6], "size": [5, 7, 0], "uv": [33, 171]},
					{"origin": [13, 25, 3.5], "size": [0, 7, 5], "uv": [33, 166]}
				]
			},
			{
				"name": "arrow3",
				"parent": "quiver",
				"pivot": [5, 4, -3],
				"rotation": [-7.5, 0, 20],
				"cubes": [
					{"origin": [0.5, 26, 3], "size": [5, 7, 0], "uv": [33, 171]},
					{"origin": [3, 26, 0.5], "size": [0, 7, 5], "uv": [33, 166]}
				]
			},
			{
				"name": "head",
				"parent": "body",
				"pivot": [0, 24, 0],
				"cubes": [
					{"origin": [-4, 24, -4], "size": [8, 10, 8], "uv": [0, 0]},
					{"origin": [-4, 32, -4], "size": [8, 3, 8], "uv": [0, 139], "inflate": 0.1},
					{"origin": [-6, 31, -6], "size": [12, 1, 12], "uv": [0, 150]}
				],
				"locators": {
					"lead": [0, 0, 0]
				}
			},
			{
				"name": "hat2",
				"parent": "head",
				"pivot": [1, 1, 2],
				"rotation": [0, 10, 0],
				"cubes": [
					{"origin": [4.7, 32, -1], "size": [0, 9, 13], "uv": [7, 156]}
				]
			},
			{
				"name": "nose",
				"parent": "head",
				"pivot": [0, 26, 0],
				"cubes": [
					{"origin": [-1, 23, -6], "size": [2, 4, 2], "uv": [24, 0]}
				]
			},
			{
				"name": "leftLeg",
				"parent": "body",
				"pivot": [2, 12, 0],
				"cubes": [
					{"origin": [0, 0, -2], "size": [4, 12, 4], "uv": [0, 22]}
				]
			},
			{
				"name": "rightLeg",
				"parent": "body",
				"pivot": [-2, 12, 0],
				"mirror": true,
				"cubes": [
					{"origin": [-4, 0, -2], "size": [4, 12, 4], "uv": [0, 22]}
				]
			},
			{
				"name": "rightarm",
				"parent": "body",
				"pivot": [-5, 22, 0],
				"cubes": [
					{"origin": [-8, 12, -2], "size": [4, 12, 4], "uv": [40, 46]}
				]
			},
			{
				"name": "leftarm",
				"parent": "body",
				"pivot": [5, 22, 0],
				"mirror": true,
				"cubes": [
					{"origin": [4, 12, -2], "size": [4, 12, 4], "uv": [40, 46]}
				]
			},
			{
				"name": "rightItem",
				"pivot": [-6, 15, 1]
			},
			{
				"name": "leftItem",
				"pivot": [6, 15, 1]
			}
		]
	}
}