{
	"format_version": "1.10.0",
	"geometry.ravager": {
		"texturewidth": 128,
		"textureheight": 128,
		"visible_bounds_width": 5,
		"visible_bounds_height": 4.5,
		"visible_bounds_offset": [0, 1.75, 0],
		"bones": [
			{
				"name": "body",
				"pivot": [0, 19, 2],
				"rotation": [90, 0, 0],
				"cubes": [
					{"origin": [-7, 10, -2], "size": [14, 16, 20], "uv": [0, 55]},
					{"origin": [-6, -3, -2], "size": [12, 13, 18], "uv": [0, 91]}
				]
			},
			{
				"name": "neck",
				"pivot": [0, 20, -20],
				"cubes": [
					{"origin": [-5, 21, -10], "size": [10, 10, 18], "uv": [68, 73]}
				]
			},
			{
				"name": "head",
				"parent": "neck",
				"pivot": [0, 28, -10],
				"cubes": [
					{"origin": [-8, 14, -24], "size": [16, 20, 16], "uv": [0, 0]},
					{"origin": [0, 25, -36], "size": [0, 22, 23], "uv": [82, 83]},
					{"origin": [-2, 12, -28], "size": [4, 8, 4], "uv": [0, 0]}
				],
				"locators": {
					"stun": [0, 32, -15]
				}
			},
			{
				"name": "mouth",
				"parent": "head",
				"pivot": [0, 15, -10],
				"cubes": [
					{"origin": [-8, 13, -24], "size": [16, 3, 16], "uv": [0, 36]}
				]
			},
			{
				"name": "horns",
				"parent": "head",
				"pivot": [-5, 27, -19],
				"rotation": [60, 0, 0],
				"cubes": [
					{"origin": [-10, 27, -20], "size": [2, 14, 4], "uv": [74, 55]},
					{"origin": [8, 27, -20], "size": [2, 14, 4], "uv": [74, 55]}
				]
			},
			{
				"name": "leg0",
				"pivot": [-12, 30, 22],
				"cubes": [
					{"origin": [-12, 0, 17], "size": [8, 37, 8], "uv": [96, 0]}
				]
			},
			{
				"name": "leg1",
				"pivot": [4, 30, 22],
				"cubes": [
					{"origin": [4, 0, 17], "size": [8, 37, 8], "uv": [96, 0]}
				]
			},
			{
				"name": "leg2",
				"pivot": [-4, 26, -4],
				"cubes": [
					{"origin": [-12, 0, -8], "size": [8, 37, 8], "uv": [64, 0]}
				]
			},
			{
				"name": "leg3",
				"pivot": [-4, 26, -4],
				"cubes": [
					{"origin": [4, 0, -8], "size": [8, 37, 8], "uv": [64, 0]}
				]
			}
		]
	}
}