{
	"format_version": "1.10.0",
	"geometry.spider.v1.8": {
		"texturewidth": 64,
		"textureheight": 64,
		"visible_bounds_width": 5,
		"visible_bounds_height": 3,
		"visible_bounds_offset": [0, 1.5, 0],
		"bones": [
			{
				"name": "body0",
				"pivot": [0, 9, 0]
			},
			{
				"name": "neck",
				"parent": "body0",
				"pivot": [0, 9, 0],
				"cubes": [
					{"origin": [-3, 6, -3], "size": [6, 6, 6], "uv": [0, 0]}
				]
			},
			{
				"name": "head",
				"parent": "body0",
				"pivot": [0, 9, -3]
			},
			{
				"name": "head2",
				"parent": "head",
				"pivot": [0, 9, -3],
				"cubes": [
					{"origin": [-4, 5, -11], "size": [8, 8, 8], "uv": [32, 4]},
					{"origin": [-3, 4, -13], "size": [2, 3, 2], "uv": [49, 30]},
					{"origin": [1, 4, -13], "size": [2, 3, 2], "uv": [49, 30]}
				]
			},
			{
				"name": "rotation7",
				"parent": "head2",
				"pivot": [1, 0, 0],
				"rotation": [0, 5, 0],
				"cubes": [
					{"origin": [-2, 5, -16], "size": [2, 2, 5], "uv": [50, 57]}
				]
			},
			{
				"name": "rotation8",
				"parent": "head2",
				"pivot": [3, 0, 0],
				"rotation": [0, -5, 0],
				"cubes": [
					{"origin": [0, 5, -15.7], "size": [2, 2, 5], "uv": [50, 57]}
				]
			},
			{
				"name": "body1",
				"parent": "body0",
				"pivot": [0, 9, 9]
			},
			{
				"name": "body",
				"parent": "body1",
				"pivot": [0, 9, 9],
				"rotation": [5, 0, 0],
				"cubes": [
					{"origin": [-5.5, 5, 3], "size": [11, 11, 12], "uv": [0, 12]},
					{"origin": [-13, 15, -24], "size": [3, 3, 7], "uv": [5, 49]},
					{"origin": [11, 15, -24], "size": [3, 3, 7], "uv": [5, 49]}
				]
			},
			{
				"name": "rotation",
				"parent": "body",
				"pivot": [0, -7, 5],
				"rotation": [30, 0, 0],
				"cubes": [
					{"origin": [-4, -1, 19], "size": [8, 6, 8], "uv": [4, 48]}
				]
			},
			{
				"name": "rotation2",
				"parent": "body",
				"pivot": [0, -6, 17],
				"rotation": [55, 0, 0],
				"cubes": [
					{"origin": [-3, 0, 31], "size": [6, 5, 8], "uv": [4, 48]}
				]
			},
			{
				"name": "rotation3",
				"parent": "body",
				"pivot": [0, 1, 31],
				"rotation": [90, 0, 0],
				"cubes": [
					{"origin": [-2, 8, 45], "size": [4, 3, 8], "uv": [4, 48]}
				]
			},
			{
				"name": "rotation4",
				"parent": "body",
				"pivot": [0, 15, 37],
				"rotation": [125, 0, 0],
				"cubes": [
					{"origin": [-1, 22, 51], "size": [2, 2, 8], "uv": [11, 48]}
				]
			},
			{
				"name": "rotation5",
				"parent": "body",
				"pivot": [0, 36, 33],
				"rotation": [180, 0, 0],
				"cubes": [
					{"origin": [-1, 43, 47.4], "size": [2, 2, 8], "uv": [7, 48], "inflate": -0.1}
				]
			},
			{
				"name": "rotation6",
				"parent": "body",
				"pivot": [0, 40, 22],
				"rotation": [-160, 0, 0],
				"cubes": [
					{"origin": [-1, 46.5, 35.9], "size": [2, 2, 8], "uv": [7, 48], "inflate": -0.4}
				]
			},
			{
				"name": "rotation9",
				"parent": "body",
				"pivot": [-2, 0, -4],
				"rotation": [-25, 40, 0],
				"cubes": [
					{"origin": [-6, 11, -17], "size": [2, 2, 12], "uv": [0, 44]}
				]
			},
			{
				"name": "rotation10",
				"parent": "body",
				"pivot": [0, 0, -6],
				"rotation": [-25, -40, 0],
				"cubes": [
					{"origin": [5, 11, -19], "size": [2, 2, 12], "uv": [0, 44]}
				]
			},
			{
				"name": "rotation11",
				"parent": "body",
				"pivot": [3, 4, -7],
				"rotation": [0, -17.5, 0],
				"cubes": [
					{"origin": [7.3, 15.3, -20.5], "size": [2, 2, 12], "uv": [0, 44]}
				]
			},
			{
				"name": "rotation12",
				"parent": "body",
				"pivot": [-15, 5, -4],
				"rotation": [0, 17.5, 0],
				"cubes": [
					{"origin": [-8.3, 15.3, -16.5], "size": [2, 2, 12], "uv": [0, 44]}
				]
			},
			{
				"name": "leg0",
				"parent": "body0",
				"pivot": [-4, 9, 2],
				"cubes": [
					{"origin": [-19, 8, 1], "size": [16, 2, 2], "uv": [18, 0]}
				]
			},
			{
				"name": "leg1",
				"parent": "body0",
				"pivot": [4, 9, 2],
				"cubes": [
					{"origin": [3, 8, 1], "size": [16, 2, 2], "uv": [18, 0], "mirror": true}
				]
			},
			{
				"name": "leg2",
				"parent": "body0",
				"pivot": [-4, 9, 1],
				"cubes": [
					{"origin": [-19, 8, 0], "size": [16, 2, 2], "uv": [18, 0]}
				]
			},
			{
				"name": "leg3",
				"parent": "body0",
				"pivot": [4, 9, 1],
				"cubes": [
					{"origin": [3, 8, 0], "size": [16, 2, 2], "uv": [18, 0], "mirror": true}
				]
			},
			{
				"name": "leg4",
				"parent": "body0",
				"pivot": [-4, 9, 0],
				"cubes": [
					{"origin": [-19, 8, -1], "size": [16, 2, 2], "uv": [18, 0]}
				]
			},
			{
				"name": "leg5",
				"parent": "body0",
				"pivot": [4, 9, 0],
				"cubes": [
					{"origin": [3, 8, -1], "size": [16, 2, 2], "uv": [18, 0], "mirror": true}
				]
			},
			{
				"name": "leg6",
				"parent": "body0",
				"pivot": [-4, 9, -1],
				"cubes": [
					{"origin": [-19, 8, -2], "size": [16, 2, 2], "uv": [18, 0]}
				]
			},
			{
				"name": "leg7",
				"parent": "body0",
				"pivot": [4, 9, -1],
				"cubes": [
					{"origin": [3, 8, -2], "size": [16, 2, 2], "uv": [18, 0], "mirror": true}
				]
			}
		]
	}
}