{
	"format_version": "1.10.0",
	"geometry.skeleton.stray.v1.8": {
		"texturewidth": 64,
		"textureheight": 178,
		"visible_bounds_width": 3,
		"visible_bounds_height": 3,
		"visible_bounds_offset": [0, 1.5, 0],
		"bones": [
			{
				"name": "waist",
				"pivot": [0, 12, 0]
			},
			{
				"name": "body",
				"parent": "waist",
				"pivot": [0, 24, 0]
			},
			{
				"name": "head",
				"parent": "body",
				"pivot": [0, 24, 0],
				"locators": {
					"lead": [0, 24, 0]
				}
			},
			{
				"name": "hat",
				"parent": "head",
				"pivot": [0, 24, 0],
				"cubes": [
					{"origin": [-4, 24, -4], "size": [8, 8, 8], "uv": [32, 0], "inflate": 0.5}
				]
			},
			{
				"name": "head2",
				"parent": "head",
				"pivot": [0, 24, 0],
				"cubes": [
					{"origin": [1, 29, -1], "size": [3, 3, 3], "uv": [0, 156], "inflate": 0.6},
					{"origin": [-4, 30, -3.5], "size": [2, 2, 2], "uv": [0, 166], "inflate": 0.6},
					{"origin": [-4, 24, -4], "size": [8, 8, 8], "uv": [0, 0]},
					{"origin": [-4, 24, -4], "size": [8, 10, 8], "uv": [0, 108]},
					{"origin": [-5, 24, -4], "size": [10, 8, 8], "uv": [0, 127]},
					{"origin": [-2, 24, -5], "size": [4, 4, 1], "uv": [31, 128], "inflate": 0.01},
					{"origin": [-3, 24, -5], "size": [1, 2, 1], "uv": [2, 131]},
					{"origin": [2, 24, -5], "size": [1, 2, 1], "uv": [2, 127]},
					{"origin": [-1, 23, -6], "size": [2, 4, 2], "uv": [32, 120]},
					{"origin": [-4, 24, -4], "size": [8, 8, 8], "uv": [0, 66], "inflate": 0.5}
				]
			},
			{
				"name": "ear1",
				"parent": "head2",
				"pivot": [-4, 30, 0],
				"rotation": [0, 0, 30],
				"cubes": [
					{"origin": [-5, 25, -2], "size": [1, 5, 4], "uv": [38, 134]}
				]
			},
			{
				"name": "ear2",
				"parent": "head2",
				"pivot": [4, 30, 0],
				"rotation": [0, 0, -30],
				"cubes": [
					{"origin": [4, 25, -2], "size": [1, 5, 4], "uv": [38, 134]}
				]
			},
			{
				"name": "ice_crystal",
				"parent": "head2",
				"pivot": [-4, 8, 0],
				"rotation": [0, 0, 12.5],
				"cubes": [
					{"origin": [-3, 32, -1], "size": [2, 6, 2], "uv": [0, 154]}
				]
			},
			{
				"name": "ice_crystal2",
				"parent": "head2",
				"pivot": [2, 31, 1],
				"rotation": [-27.5, 2.5, 12.5],
				"cubes": [
					{"origin": [3.12034, 31.24655, 0], "size": [1, 5, 1], "uv": [8, 172]}
				]
			},
			{
				"name": "ice_crystal3",
				"parent": "head2",
				"pivot": [1, 31, 0],
				"rotation": [15.7019, 1.71773, -11.60445],
				"cubes": [
					{"origin": [2.12034, 31.24655, -1], "size": [1, 4, 1], "uv": [0, 157]}
				]
			},
			{
				"name": "ice_crystal4",
				"parent": "head2",
				"pivot": [2, 32, 0],
				"rotation": [22.45176, -9.79271, 32.08779],
				"cubes": [
					{"origin": [3.12034, 32.24655, -1], "size": [1, 4, 1], "uv": [8, 157]}
				]
			},
			{
				"name": "ice_crystal7",
				"parent": "head2",
				"pivot": [-5, 31, -2],
				"rotation": [2.5, 17.5, -40],
				"cubes": [
					{"origin": [-3.87966, 31.24655, -3], "size": [1, 4, 1], "uv": [0, 165]}
				]
			},
			{
				"name": "ice_crystal8",
				"parent": "head2",
				"pivot": [-5, 31, -2],
				"rotation": [31.724, 11.87232, -10.72369],
				"cubes": [
					{"origin": [-3.87966, 31.24655, -3], "size": [1, 4, 1], "uv": [8, 165]}
				]
			},
			{
				"name": "rightArm",
				"parent": "body",
				"pivot": [-5, 22, 0]
			},
			{
				"name": "rightItem",
				"parent": "rightArm",
				"pivot": [-6, 15, 1]
			},
			{
				"name": "right_arm",
				"parent": "rightArm",
				"pivot": [-5, 22, 0],
				"cubes": [
					{"origin": [-6, 12, -1], "size": [2, 12, 2], "uv": [48, 16]},
					{"origin": [-6, 22, -1.5], "size": [2, 2, 3], "uv": [0, 173], "inflate": 0.61}
				]
			},
			{
				"name": "ice_crystal5",
				"parent": "right_arm",
				"pivot": [-7, 22, 1],
				"rotation": [-7.77524, 15.91903, -45.70393],
				"cubes": [
					{"origin": [-5.87966, 22.24655, 0], "size": [1, 4, 1], "uv": [8, 173]}
				]
			},
			{
				"name": "ice_crystal6",
				"parent": "right_arm",
				"pivot": [-7, 23, 1],
				"rotation": [27.2081, 13.38296, -14.91736],
				"cubes": [
					{"origin": [-5.87966, 23.24655, -1], "size": [2, 4, 2], "uv": [0, 172]}
				]
			},
			{
				"name": "leftArm",
				"parent": "body",
				"pivot": [5, 22, 0],
				"mirror": true,
				"cubes": [
					{"origin": [4, 12, -1], "size": [2, 12, 2], "uv": [40, 16]}
				]
			},
			{
				"name": "leftItem",
				"parent": "leftArm",
				"pivot": [6, 15, 1]
			},
			{
				"name": "rightLeg",
				"parent": "body",
				"pivot": [-2, 12, 0],
				"cubes": [
					{"origin": [-3, 0, -1], "size": [2, 12, 2], "uv": [0, 16]}
				]
			},
			{
				"name": "leftLeg",
				"parent": "body",
				"pivot": [2, 12, 0],
				"mirror": true,
				"cubes": [
					{"origin": [1, 0, -1], "size": [2, 12, 2], "uv": [0, 16]}
				]
			},
			{
				"name": "body2",
				"parent": "body",
				"pivot": [0, 24, 0],
				"cubes": [
					{"origin": [-4, 12, -2], "size": [8, 12, 4], "uv": [16, 16]},
					{"origin": [-4, 12, -2], "size": [8, 12, 4], "uv": [3, 40], "inflate": 0.1}
				]
			},
			{
				"name": "rotation",
				"parent": "body2",
				"pivot": [0, 18, -1],
				"rotation": [0, 0, -45]
			},
			{
				"name": "quiver",
				"parent": "rotation",
				"pivot": [-0.20577, -0.35641, -1],
				"cubes": [
					{"origin": [-3.20577, 11.64359, 2.1], "size": [6, 12, 4], "uv": [44, 162]}
				]
			},
			{
				"name": "arrow",
				"parent": "quiver",
				"pivot": [-0.20577, -0.35641, -1],
				"cubes": [
					{"origin": [0.79423, 23.64359, 1.6], "size": [0, 7, 5], "uv": [33, 166]},
					{"origin": [-1.70577, 23.64359, 4.1], "size": [5, 7, 0], "uv": [33, 171]}
				]
			},
			{
				"name": "arrow2",
				"parent": "quiver",
				"pivot": [5.79423, 0.64359, -1],
				"rotation": [0, 0, -12.5],
				"cubes": [
					{"origin": [1.29423, 22.64359, 5.1], "size": [5, 7, 0], "uv": [33, 171]},
					{"origin": [3.79423, 22.64359, 2.6], "size": [0, 7, 5], "uv": [33, 166]}
				]
			},
			{
				"name": "arrow3",
				"parent": "quiver",
				"pivot": [-4.20577, 1.64359, -4],
				"rotation": [-7.5, 0, 20],
				"cubes": [
					{"origin": [-8.70577, 23.64359, 2.1], "size": [5, 7, 0], "uv": [33, 171]},
					{"origin": [-6.20577, 23.64359, -0.4], "size": [0, 7, 5], "uv": [33, 166]}
				]
			}
		]
	}
}