{
	"format_version": "1.10.0",
	"geometry.wandering_trader": {
		"texturewidth": 64,
		"textureheight": 128,
		"visible_bounds_width": 3,
		"visible_bounds_height": 3,
		"visible_bounds_offset": [0, 1.5, 0],
		"bones": [
			{
				"name": "body",
				"pivot": [0, 0, 0],
				"cubes": [
					{"origin": [-4, 12, -3], "size": [8, 12, 6], "uv": [16, 20]},
					{"origin": [-4, 6, -3], "size": [8, 18, 6], "uv": [0, 38], "inflate": 0.5}
				],
				"locators": {
					"lead_hold": [0, 40, 0]
				}
			},
			{
				"name": "body2",
				"parent": "body",
				"pivot": [0, 24, 0],
				"cubes": [
					{"origin": [-5, 10, 3], "size": [10, 10, 4], "uv": [36, 114]},
					{"origin": [-6, 11, 4], "size": [1, 6, 2], "uv": [34, 110]},
					{"origin": [-5, 12, -2], "size": [1, 4, 3], "uv": [0, 113], "inflate": 0.25},
					{"origin": [5, 11, 4], "size": [1, 6, 2], "uv": [34, 110]},
					{"origin": [-1, 14, 9], "size": [2, 3, 1], "uv": [34, 106]},
					{"origin": [-6, 20, 3], "size": [12, 4, 4], "uv": [0, 120]},
					{"origin": [-4, 10, 7], "size": [8, 9, 2], "uv": [40, 103]}
				]
			},
			{
				"name": "head",
				"parent": "body",
				"pivot": [0, 24, 0],
				"cubes": [
					{"origin": [-4, 24, -4], "size": [8, 10, 8], "uv": [0, 0]}
				]
			},
			{
				"name": "helmet",
				"parent": "head",
				"pivot": [0, 24, 0],
				"cubes": [
					{"origin": [-4, 24, -4], "size": [8, 10, 8], "uv": [32, 0], "inflate": 0.5}
				]
			},
			{
				"name": "brim",
				"parent": "head",
				"pivot": [0, 24, 0],
				"cubes": [
					{"origin": [-8, 16, -6], "size": [16, 16, 1], "uv": [30, 47], "inflate": 0.1}
				]
			},
			{
				"name": "nose",
				"parent": "head",
				"pivot": [0, 26, 0],
				"cubes": [
					{"origin": [-1, 23, -6], "size": [2, 4, 2], "uv": [24, 0]}
				]
			},
			{
				"name": "headwear2",
				"parent": "head",
				"pivot": [0, 24, 0]
			},
			{
				"name": "rotation",
				"parent": "headwear2",
				"pivot": [0, 24, 0],
				"rotation": [-90, 0, 0]
			},
			{
				"name": "arms",
				"parent": "body",
				"pivot": [0, 22, 0],
				"cubes": [
					{"origin": [-4, 16, -2], "size": [8, 4, 4], "uv": [40, 38]},
					{"origin": [-8, 16, -2], "size": [4, 8, 4], "uv": [44, 22]},
					{"origin": [4, 16, -2], "size": [4, 8, 4], "uv": [44, 22], "mirror": true}
				]
			},
			{
				"name": "held_item",
				"parent": "arms",
				"pivot": [0, 0, 0]
			},
			{
				"name": "leg0",
				"parent": "body",
				"pivot": [-2, 12, 0],
				"cubes": [
					{"origin": [-4, 0, -2], "size": [4, 12, 4], "uv": [0, 22]}
				]
			},
			{
				"name": "leg1",
				"parent": "body",
				"pivot": [2, 12, 0],
				"cubes": [
					{"origin": [0, 0, -2], "size": [4, 12, 4], "uv": [0, 22], "mirror": true}
				]
			}
		]
	}
}
