{
	"format_version": "1.10.0",
	"geometry.villager.witch.v1.8": {
		"texturewidth": 64,
		"textureheight": 178,
		"visible_bounds_width": 3,
		"visible_bounds_height": 4,
		"visible_bounds_offset": [0, 2, 0],
		"bones": [
			{
				"name": "body",
				"pivot": [0, 0, 0],
				"cubes": [
					{"origin": [-4, 12, -3], "size": [8, 12, 6], "uv": [16, 20]},
					{"origin": [-4, 6, -3], "size": [8, 18, 6], "uv": [0, 38], "inflate": 0.5}
				]
			},
			{
				"name": "body2",
				"parent": "body",
				"pivot": [0, 24, 0],
				"cubes": [
					{"origin": [-6, 10, 3], "size": [12, 13, 12], "uv": [0, 111]},
					{"origin": [-5, 23, 9], "size": [10, 24, 0], "uv": [0, 136]}
				]
			},
			{
				"name": "cauldron_melon",
				"parent": "body2",
				"pivot": [-7, 0, 1],
				"rotation": [0, 30, 0],
				"cubes": [
					{"origin": [-14, 23, 13], "size": [10, 8, 0], "uv": [44, 149]}
				]
			},
			{
				"name": "cauldron_bone",
				"parent": "body2",
				"pivot": [0, 0, 0],
				"rotation": [0, 15, 0],
				"cubes": [
					{"origin": [-4, 23, 8], "size": [10, 8, 0], "uv": [44, 141]}
				]
			},
			{
				"name": "handle",
				"parent": "body2",
				"pivot": [-14.5, 11, 0],
				"rotation": [0, 0, 45],
				"cubes": [
					{"origin": [-8.5, 34, 6], "size": [0, 4, 6], "uv": [0, 111]}
				]
			},
			{
				"name": "handle2",
				"parent": "body2",
				"pivot": [14.5, 11, 0],
				"rotation": [0, 0, -45],
				"cubes": [
					{"origin": [8.5, 34, 6], "size": [0, 4, 6], "uv": [0, 111]}
				]
			},
			{
				"name": "head",
				"parent": "body",
				"pivot": [0, 24, 0],
				"cubes": [
					{"origin": [-4, 24, -4], "size": [8, 10, 8], "uv": [0, 0]}
				]
			},
			{
				"name": "nose",
				"parent": "head",
				"pivot": [0, 26, 0],
				"cubes": [
					{"origin": [-1, 23, -6], "size": [2, 4, 2], "uv": [24, 0]},
					{"origin": [0, 25, -6.75], "size": [1, 1, 1], "uv": [0, 0], "inflate": -0.25}
				]
			},
			{
				"name": "hat",
				"parent": "head",
				"pivot": [-5, 32.03125, -5]
			},
			{
				"name": "headwear",
				"parent": "hat",
				"pivot": [-5, 34.05, -5],
				"cubes": [
					{"origin": [-8, 32.05, -8], "size": [16, 2, 16], "uv": [0, 160]}
				]
			},
			{
				"name": "hat5",
				"parent": "headwear",
				"pivot": [-3.25, 38.05, -3],
				"rotation": [-3, 0, 1.5],
				"cubes": [
					{"origin": [-3.25, 34.05, -3], "size": [7, 4, 7], "uv": [0, 76]}
				]
			},
			{
				"name": "hat6",
				"parent": "hat5",
				"pivot": [-1.5, 42.05, -1],
				"rotation": [-6, 0, 3],
				"cubes": [
					{"origin": [-1.5, 38.05, -1], "size": [4, 4, 4], "uv": [0, 87]}
				]
			},
			{
				"name": "hat7",
				"parent": "hat6",
				"pivot": [0.25, 44.05, 1],
				"rotation": [-12, 0, 6],
				"cubes": [
					{"origin": [0.25, 42.05, 1], "size": [1, 2, 1], "uv": [0, 95], "inflate": 0.25}
				]
			},
			{
				"name": "arms",
				"parent": "body",
				"pivot": [0, 22, 0],
				"cubes": [
					{"origin": [-4, 16, -2], "size": [8, 4, 4], "uv": [40, 38]},
					{"origin": [-8, 16, -2], "size": [4, 8, 4], "uv": [44, 22]},
					{"origin": [4, 16, -2], "size": [4, 8, 4], "uv": [44, 22]}
				]
			},
			{
				"name": "leg0",
				"parent": "body",
				"pivot": [-2, 12, 0],
				"cubes": [
					{"origin": [-4, 0, -2], "size": [4, 12, 4], "uv": [0, 22]}
				]
			},
			{
				"name": "leg1",
				"parent": "body",
				"pivot": [2, 12, 0],
				"cubes": [
					{"origin": [0, 0, -2], "size": [4, 12, 4], "uv": [0, 22]}
				]
			}
		]
	}
}
