{
  "format_version": "1.10.0",
  "animations": {
    "animation.bookhand.first_person_wield": {
      "loop": true,
      "bones": {
        "rightitem": {
          "rotation": [ "c.is_first_person ? 185.0 : 0.0", "c.is_first_person ? 0.0 : 0.0", "c.is_first_person ? 20.0 : 0.0" ],
          "position": [ "c.is_first_person ? 1.0 : 0.0", "c.is_first_person ? 6.0 : 0.0", "c.is_first_person ? 1.0 : 0.0" ],
          "scale": [1.6, 1.6, 1.6]
        }
      }
    },
    "animation.bookhand.default": {
      "loop": true,
      "bones": {
        "rightitem": {
          "rotation": [85, 0, 0],
          "position": [0.5, -1, 0],
          "scale": [1, 1, 1]
        }
      }
    }
  }
}