{
	"format_version": "1.10.0",
	"animations": {
		"animation.item.first_personL": {
			"loop": true,
			"bones": {
				"rightitem": {
					"position": [-5, -15, 5],
					"rotation": [90, 55, -20],
					"scale": 1.25
				}
			}
		},
		"animation.item.lantern": {
			"loop": true,
			"animation_length": 3.125,
			"bones": {
				"rightItem": {
					"rotation": {
						"0.0": [-17.5, 0, 0],
						"0.25": [-2.5, 0, 0],
						"0.5": [-27.5, 0, 0],
						"0.625": [-27.5, 0, 0],
						"0.75": [0, 0, 0],
						"0.9167": [0, 0, 0],
						"1.125": [-17.5, 0, 0],
						"1.2917": [-20, 0, 0],
						"1.5417": [-17.5, 0, 0],
						"1.6667": [-15, 0, 0],
						"1.7917": [-17.5, 0, 0],
						"3.0": {
							"post": [-17.5, 0, 0],
							"lerp_mode": "catmullrom"
						}
					}
				}
			}
		}
	}
}