{
    "$generic_button_text_color": [1, 1, 1],

    "$light_button_default_text_color": [1, 1, 1],
    "$light_button_hover_text_color": [1, 1, 1],
    "$light_button_pressed_text_color": [1, 1, 1],
    "$light_button_locked_text_color": [0.7, 0.7, 0.7],

    "$light_toggle_default_text_color": [1, 1, 1],
    "$light_toggle_hover_text_color": [1, 1, 1],
    "$light_toggle_checked_default_text_color": [1, 1, 1],
    "$light_toggle_checked_hover_text_color": [1, 1, 1],

    "$dark_button_default_text_color": [1.0, 1.0, 1.0],
    "$dark_button_hover_text_color": [1.0, 1.0, 1.0],
    "$dark_button_pressed_text_color": [1.0, 1.0, 1.0],
    "$dark_button_locked_text_color": [0.7, 0.7, 0.7],

    "$dark_toggle_default_text_color": [1.0, 1.0, 1.0],
    "$dark_toggle_hover_text_color": [1.0, 1.0, 1.0],
    "$dark_toggle_checked_default_text_color": [1.0, 1.0, 1.0],
    "$dark_toggle_checked_hover_text_color": [1.0, 1.0, 1.0],

    "$tab_unchecked_text_color": [1, 1, 1],
    "$tab_unchecked_hover_text_color": [1, 1, 1],
    "$tab_unchecked_locked_text_color": [0.7, 0.7, 0.7],
    "$tab_unchecked_locked_hover_text_color": [0.7, 0.7, 0.7],

    "$tab_checked_text_color": [1.0, 1.0, 1.0],
    "$tab_checked_hover_text_color": [1.0, 1.0, 1.0],
    "$tab_checked_locked_text_color": [0.7, 0.7, 0.7],
    "$tab_checked_locked_hover_text_color": [0.7, 0.7, 0.7],

    "$title_text_color": [1, 1, 1],
    "$pocket_title_text_color": [1, 1, 1],

    "$light_glyph_default_color": [1, 1, 1],

    "$tab_unchecked_glyph_color": [1, 1, 1],
    "$tab_unchecked_hover_glyph_color": [1, 1, 1],
    "$tab_unchecked_locked_glyph_color": [1, 1, 1],
    "$tab_unchecked_locked_hover_glyph_color": [1, 1, 1],
    "$tab_checked_glyph_color": [1, 1, 1],
    "$tab_checked_hover_glyph_color": [1, 1, 1],
    "$tab_checked_locked_glyph_color": [1, 1, 1],
    "$tab_checked_locked_hover_glyph_color": [1, 1, 1],

    "$tab_secondary_unchecked_text_color": [1.0, 1.0, 1.0],
    "$tab_secondary_unchecked_hover_text_color": [1.0, 1.0, 1.0],
    "$tab_secondary_unchecked_locked_text_color": [1.0, 1.0, 1.0],
    "$tab_secondary_unchecked_locked_hover_text_color": [1.0, 1.0, 1.0],
    "$tab_secondary_checked_text_color": [1.0, 1.0, 1.0],
    "$tab_secondary_checked_hover_text_color": [1.0, 1.0, 1.0],
    "$tab_secondary_checked_locked_text_color": [1.0, 1.0, 1.0],
    "$tab_secondary_checked_locked_hover_text_color": [1.0, 1.0, 1.0],
        "$tyel_dialog_accent_color": [
            1,
            1,
            1
        ], 

        "$chat_bg_alpha": 0.2, //number
        "$scoreboard_sidebar_bg_alpha": 0.2, //number
        // Background Visibility and Alpha
        "$item_name_text_bg_alpha": 0.6, //number
        "$actionbar_bg_alpha": 0, //number
        // Texts
        // + Item Name Text One Line Layout
        "$item_text_one_line_layout": false, //bool
        // + HUD Percentage Text Visibility (XP Bar, Boss Bars)
        "$hud_percentage_text_visible": true, //bool
        // Scoreboard Sidebar Setups
        "$scoreboard_sidebar_anchor": "top_right", //anchor_string
        "$scoreboard_sidebar_offset": [
            0,
            0
        ], //array
        "$scoreboard_sidebar_anchor_pocket": "top_right", //anchor_string
        "$scoreboard_sidebar_offset_pocket": [
            0,
            20
        ], //array
        "$ignore_scoreboard_sidebar_scores": false, //bool
        // Utility Setups
        "$use_hud_utilities": true, //bool
        "$utility_anchor": "bottom_right", //anchor_string
        "$utility_offset": [
            -2,
            -2
        ], //array
        "$utility_anchor_pocket": "bottom_right", //anchor_string
        "$utility_offset_pocket": [
            -2,
            -2
        ], //array
        // -------- CONTAINER AND INVENTORY SCREENS --------
        // Use Quick Craft Button
        "$use_quick_craft_button": true, //bool
        // Use Container Toggles (Normal Mode, Quick Move Mode, Drop Mode)
        "$use_container_toggles": true, //bool
        // Force Quick Move Mode On when opening containers (not recommended)
        // Enable this as your own risk! This might get you banned from some servers!
        "$force_auto_place_on": false,
        // Hide Help Button in some screens (Trade Screen, Loom Screen...)
        "$hide_help_ingame_button": false, //bool
        // -------- PAUSE SCREEN --------
        // Enable Pause Screen's Save and Quit confirmation popup
        "$pause_quit_confirmation_popup_enabled": true, //bool
        // -------- SERVER FORM --------
        // Server Form Dialog Size
        "$server_form_dialog_size": [
            "100%",
            "100%"
        ], //array
        // -------- COMMON --------
        // Common Background Alpha
        "$fill_alpha": 0.6, //number
        // Common Background Alpha for Inventory Screens
        "$screen_background_alpha": 0.4, //number
        // Death Screen Background
        "$use_black_death_background": true, //bool
        "$death_bg_alpha": 1, //number
        // Gray Settings Background Visible
        "$settings_gray_bg_visible": true, //bool
        // Flying Item Renderer Visible
        "$flying_item_renderer_visible": true, //bool
        // -------- MISCELLANEOUS --------
        // Enable Recently Played World Suggest Feature
        "$recent_world_suggest_enabled": true, //bool
        // ======================================================
        // COMPATIBILITY MODE - Only Bool values accepted
        // Enable compatibility mode by setting these following variables to true
        // ======================================================
        // Chainsketch's Ultimate Thumbnail Maker
        // Removes Ty-el UI's Hide HUD buttons and HUD Utilities 
        "$is_chainsketch_UTM": false,
        // Chainsketch's Modules Plus
        // Removes some duplicated HUD elements in Ty-el UI that Modules Plus have
        "$is_modules_plus": false,
        // Zeqa Server Resource Pack
        // Fixes Server Form title label font size is too big
        "$is_zeqa_rp": false,
        // ======================================================
        // THE HIVE EXCLUSIVE
        // No compatibility toggles needed, only mods visibility toggles!
        // ======================================================
        // Andesite Counter (for SkyWars)
        "$use_hive_andesite_counter": true,
        // Do not delete or modify this variable, or you will get
        // an error when trying to load this file!
        "$tyel_ui_global_variables_check": "ok"
}
