{
	"format_version": "1.8.0",
	"animations": {
		"animation.silverfish.move": {
			"loop": true,
			"animation_length": 1,
			"bones": {
				"head": {
					"rotation": {
						"0.0": [0, -7.5, 0],
						"0.5": [0, 5, 0],
						"1.0": [0, -7.5, 0]
					}
				},
				"leg1": {
					"rotation": {
						"0.0": [22.5, 0, 0],
						"0.5": [-30, 0, 0],
						"1.0": [22.5, 0, 0]
					}
				},
				"leg2": {
					"rotation": {
						"0.0": [-30, 0, 0],
						"0.5": [27.5, 0, 0],
						"1.0": [-30, 0, 0]
					}
				},
				"leg3": {
					"rotation": {
						"0.0": [17.5, 0, 0],
						"0.5": [-37.5, 0, 0],
						"1.0": [17.5, 0, 0]
					}
				},
				"leg4": {
					"rotation": {
						"0.0": [-42.5, 0, 0],
						"0.5": [22.5, 0, 0],
						"1.0": [-42.5, 0, 0]
					}
				},
				"leg5": {
					"rotation": {
						"0.0": [35, 0, 0],
						"0.5": [-40, 0, 0],
						"1.0": [35, 0, 0]
					}
				},
				"leg6": {
					"rotation": {
						"0.0": [-40, 0, 0],
						"0.5": [32.5, 0, 0],
						"1.0": [-40, 0, 0]
					}
				},
				"body_end": {
					"rotation": {
						"0.0": [15, 0, 0],
						"0.5": [0, 0, 0],
						"1.0": [15, 0, 0]
					}
				},
				"head2": {
					"rotation": {
						"0.0": [0, 2.5, 0],
						"0.5": [0, -5, 0],
						"1.0": [0, 2.5, 0]
					}
				},
				"leg7": {
					"rotation": {
						"0.0": [-20, 0, 0],
						"0.25": [15, 0, 0],
						"0.5": [-20, 0, 0],
						"0.75": [15, 0, 0],
						"1.0": [-20, 0, 0]
					}
				},
				"leg8": {
					"rotation": {
						"0.0": [-20, 0, 2.5],
						"0.25": [15, 0, 2.5],
						"0.5": [-20, 0, 2.5],
						"0.75": [15, 0, 2.5],
						"1.0": [-20, 0, 2.5]
					}
				},
				"leg9": {
					"rotation": {
						"0.0": [-27.5, 0, 0],
						"0.25": [17.5, 0, 0],
						"0.5": [-27.5, 0, 0],
						"0.75": [17.5, 0, 0],
						"1.0": [-27.5, 0, 0]
					}
				},
				"leg10": {
					"rotation": {
						"0.0": [-22.5, 0, 0],
						"0.25": [12.5, 0, 0],
						"0.5": [-22.5, 0, 0],
						"0.75": [12.5, 0, 0],
						"1.0": [-22.5, 0, 0]
					}
				},
				"leg11": {
					"rotation": {
						"0.0": [-17.5, 0, 0],
						"0.25": [12.5, 0, 0],
						"0.5": [-17.5, 0, 0],
						"0.75": [12.5, 0, 0],
						"1.0": [-17.5, 0, 0]
					}
				},
				"leg12": {
					"rotation": {
						"0.0": [-15, 0, 0],
						"0.25": [15, 0, 0],
						"0.5": [-15, 0, 0],
						"0.75": [-15, 0, 0],
						"1.0": [-15, 0, 0]
					}
				},
				"body_end2": {
					"rotation": {
						"0.0": [20, 0, 0],
						"0.5": [0, 0, 0],
						"1.0": [20, 0, 0]
					}
				},
				"egg": {
					"rotation": {
						"0.0": [0, 0, 0],
						"1.0": [360, 0, 0]
					}
				}
			}
		}
	}
}