{
  "format_version": "1.8.0",
  "render_controllers": {
    "controller.render.piglin": {
      "geometry": "Geometry.default",
      "materials": [
        {
          "*": "Material.default"
        }
      ],
      "textures": [
        "query.is_baby ? Texture.default71 : query.is_name_any('Soul Trader') ? Texture.default76 : query.is_name_any('Witch') ? Texture.default77 : query.is_name_any('Gourd') ? Texture.default78 : query.is_name_any('Butch') ? Texture.default79 : query.is_name_any('Jason') ? Texture.default80 : query.is_name_any('Goo') ? Texture.default81 : query.is_name_any('Frankenswine Monster') ? Texture.default82 : Array.Xskins[variable.Xvar]"
      ],
      "arrays": {
        "textures": {
          "Array.Xskins": [
            "Texture.default",
            "Texture.default2",
            "Texture.default3",
            "Texture.default4",
            "Texture.default5",
            "Texture.default6",
            "Texture.default7",
            "Texture.default8",
            "Texture.default9",
            "Texture.default10",
            "Texture.default11",
            "Texture.default12",
            "Texture.default13",
            "Texture.default14",
            "Texture.default15",
            "Texture.default16",
            "Texture.default17",
            "Texture.default18",
            "Texture.default19",
            "Texture.default20",
            "Texture.default21",
            "Texture.default22",
            "Texture.default23",
            "Texture.default24",
            "Texture.default25",
            "Texture.default26",
            "Texture.default27",
            "Texture.default28",
            "Texture.default29",
            "Texture.default30",
            "Texture.default31",
            "Texture.default32",
            "Texture.default33",
            "Texture.default34",
            "Texture.default35",
            "Texture.default36",
            "Texture.default37",
            "Texture.default38",
            "Texture.default39",
            "Texture.default40",
            "Texture.default41",
            "Texture.default42",
            "Texture.default43",
            "Texture.default44",
            "Texture.default45",
            "Texture.default46",
            "Texture.default47",
            "Texture.default48",
            "Texture.default49",
            "Texture.default50",
            "Texture.default51",
            "Texture.default52",
            "Texture.default53",
            "Texture.default54",
            "Texture.default55",
            "Texture.default56",
            "Texture.default57",
            "Texture.default58",
            "Texture.default59",
            "Texture.default60",
            "Texture.default61",
            "Texture.default62",
            "Texture.default63",
            "Texture.default64",
            "Texture.default65",
            "Texture.default66",
            "Texture.default67",
            "Texture.default68",
            "Texture.default69",
            "Texture.default70"
          ]
        }
      }
    }
  }
}
