{
  "format_version": "1.8.0",
  "render_controllers": {
    "controller.render.ravager": {
      "geometry": "Geometry.default",
      "materials": [
        {
          "*": "Material.default"
        }
      ],
      "textures": [
        "Array.Xskins[variable.Xvar]"
      ],
      "arrays": {
        "textures": {
          "Array.Xskins": [
            "Texture.default",
            "Texture.default2",
            "Texture.default3",
            "Texture.default4",
            "Texture.default5"
          ]
        }
      }
    }
  }
}
