{
  "format_version": "1.8.0",
  "render_controllers": {
    "controller.render.spider": {
      "arrays": {
        "materials": {
          "Array.materials": [
            "Material.default",
            "Material.invisible"
          ]
        },
        "textures": {
          "Array.Xskins": [
            "Texture.default",
            "Texture.default2",
            "Texture.default3",
            "Texture.default4",
            "Texture.default5",
            "Texture.default6",
            "Texture.default7",
            "Texture.default8",
            "Texture.default9",
            "Texture.default10",
            "Texture.default11",
            "Texture.default12",
            "Texture.default13",
            "Texture.default14",
            "Texture.default15",
            "Texture.default16"
          ]
        }
      },
      "geometry": "Geometry.default",
      "materials": [
        {
          "*": "Array.materials[query.is_invisible]"
        }
      ],
      "textures": [
        "Array.Xskins[variable.Xvar]"
      ]
    }
  }
}
