{
  "format_version": "1.8.0",
  "render_controllers": {
    "controller.render.stray_clothes": {
      "rebuild_animation_matrices": true,
      "geometry": "Geometry.overlay",
      "materials": [
        {
          "*": "Material.overlay"
        }
      ],
      "textures": [
        "Array.Xskins[variable.Xvar]"
      ],
      "arrays": {
        "textures": {
          "Array.Xskins": [
            "Texture.overlay",
            "Texture.overlay2",
            "Texture.overlay3"
          ]
        }
      }
    }
  }
}
