{
  "format_version": "1.8.0",
  "render_controllers": {
    "controller.render.witch.v1.0": {
      "geometry": "Geometry.default",
      "materials": [
        {
          "*": "Material.default"
        }
      ],
      "part_visibility": [
        {
          "*": false,
          "head": true,
          "nose": true,
          "body": true,
          "arms": true,
          "leg0": true,
          "leg1": true,
          "hat": true,
          "hat2": true,
          "hat3": true,
          "hat4": true
        }
      ],
      "textures": [
        "Texture.default"
      ]
    },
    "controller.render.witch": {
      "geometry": "Geometry.default",
      "materials": [
        {
          "*": "Material.default"
        }
      ],
      "textures": [
        "Array.Xskins[variable.Xvar]"
      ],
      "arrays": {
        "textures": {
          "Array.Xskins": [
            "Texture.default",
            "Texture.default2",
            "Texture.default3",
            "Texture.default4"
          ]
        }
      },
      "uv_anim": { 
        "offset": [ 0.0, "Math.mod(math.floor(query.life_time * 2),5) / 5" ],
        "scale": [ 1.0, "1 / 5" ] 
      }
    }
  }
}
