{
  "format_version": "1.8.0",
  "render_controllers": {
    "controller.render.zombie": {
      "geometry": "Geometry.default",
      "materials": [
        {
          "*": "Material.default"
        }
      ],
      "textures": [
        "query.get_name == 'Drip Steve' ? Texture.default126 : (query.get_name == 'Drip Alex' ? Texture.default127 : (Array.Xskins[variable.Xvar]))"
      ],
      "arrays": {
        "textures": {
          "Array.Xskins": [
            "Texture.default",
            "Texture.default2",
            "Texture.default3",
            "Texture.default4",
            "Texture.default5",
            "Texture.default6",
            "Texture.default7",
            "Texture.default8",
            "Texture.default9",
            "Texture.default10",
            "Texture.default11",
            "Texture.default12",
            "Texture.default13",
            "Texture.default14",
            "Texture.default15",
            "Texture.default16",
            "Texture.default17",
            "Texture.default18",
            "Texture.default19",
            "Texture.default20",
            "Texture.default21",
            "Texture.default22",
            "Texture.default23",
            "Texture.default24",
            "Texture.default25",
            "Texture.default26",
            "Texture.default27",
            "Texture.default28",
            "Texture.default29",
            "Texture.default30",
            "Texture.default31",
            "Texture.default32",
            "Texture.default33",
            "Texture.default34",
            "Texture.default35",
            "Texture.default36",
            "Texture.default37",
            "Texture.default38",
            "Texture.default39",
            "Texture.default40",
            "Texture.default41",
            "Texture.default42",
            "Texture.default43",
            "Texture.default44",
            "Texture.default45",
            "Texture.default46",
            "Texture.default47",
            "Texture.default48",
            "Texture.default49",
            "Texture.default50",
            "Texture.default51",
            "Texture.default52",
            "Texture.default53",
            "Texture.default54",
            "Texture.default55",
            "Texture.default56",
            "Texture.default57",
            "Texture.default58",
            "Texture.default59",
            "Texture.default60",
            "Texture.default61",
            "Texture.default62",
            "Texture.default63",
            "Texture.default64",
            "Texture.default65",
            "Texture.default66",
            "Texture.default67",
            "Texture.default68",
            "Texture.default69",
            "Texture.default70",
            "Texture.default71",
            "Texture.default72",
            "Texture.default73",
            "Texture.default74",
            "Texture.default75",
            "Texture.default76",
            "Texture.default77",
            "Texture.default78",
            "Texture.default79",
            "Texture.default80",
            "Texture.default81",
            "Texture.default82",
            "Texture.default83",
            "Texture.default84",
            "Texture.default85",
            "Texture.default86",
            "Texture.default87",
            "Texture.default88",
            "Texture.default89",
            "Texture.default90",
            "Texture.default91",
            "Texture.default92",
            "Texture.default93",
            "Texture.default94",
            "Texture.default95",
            "Texture.default96",
            "Texture.default97",
            "Texture.default98",
            "Texture.default99",
            "Texture.default100",
            "Texture.default101",
            "Texture.default102",
            "Texture.default103",
            "Texture.default104",
            "Texture.default105",
            "Texture.default106",
            "Texture.default107",
            "Texture.default108",
            "Texture.default109",
            "Texture.default110",
            "Texture.default111",
            "Texture.default112",
            "Texture.default113",
            "Texture.default114",
            "Texture.default115",
            "Texture.default116",
            "Texture.default117",
            "Texture.default118",
            "Texture.default119",
            "Texture.default120",
            "Texture.default121",
            "Texture.default122",
            "Texture.default123",
            "Texture.default124",
            "Texture.default125",
            "Texture.default129",
            "Texture.default130"
          ]
        }
      }
    }
  }
}
