{
	"format_version": "1.10.0",
	"animation_controllers": {
		"controller.animation.shield.wield": {
			"initial_state": "default",
			"states": {
				"default": {
					"animations": [
						{
							"wield_main_hand_first_person": "c.item_slot == 'main_hand'"
						},
						{
							"wield_off_hand_first_person": "c.item_slot != 'main_hand'"
						}
					],
					"transitions": [
						{
							"blocking": "query.blocking"
						},
						{
							"third_person": "!c.is_first_person"
						}
					]
				},
				"blocking": {
					"animations": [
						{
							"wield_main_hand_first_person_block": "query.blocking && query.get_equipped_item_name('off_hand') != 'shield' || query.get_equipped_item_name('off_hand') != 'shield' && query.get_equipped_item_name == 'shield' && c.item_slot == 'main_hand'"
						},
						{
							"wield_off_hand_first_person_block": "query.blocking && query.get_equipped_item_name('off_hand') == 'shield' && c.item_slot != 'main_hand' || query.get_equipped_item_name('off_hand') == 'light_shield_off'"
						}
					],
					"transitions": [
						{
							"default": "!query.blocking"
						},
						{
							"third_person": "!c.is_first_person"
						}
					]
				},
				"third_person": {
					"animations": [ "wield_third_person" ],
					"transitions": [
						{
							"default": "c.is_first_person"
						}
					]
				}
			}
		}
	}
}
