{
	"format_version": "1.12.0",
	"minecraft:geometry": [
		{
			"description": {
				"identifier": "geometry.sword_item_hand",
				"texture_width": 32,
				"texture_height": 32,
				"visible_bounds_width": 4,
				"visible_bounds_height": 3.5,
				"visible_bounds_offset": [0, 1.25, 0]
			},
			"bones": [
				{
					"name": "rightitem",
					"pivot": [-6, 15, 0],
					"rotation": [90, -15, -90],
					"cubes": [
						{
							"origin": [-6.12064, 14.28994, -0.69904],
							"size": [0.89808, 6.27008, 1.39808],
							"inflate": -0.01,
							"uv": {
								"north": {"uv": [10, 0], "uv_size": [2, 9]},
								"east": {"uv": [12, 0], "uv_size": [2, 9]},
								"south": {"uv": [12, 0], "uv_size": [2, 9]},
								"west": {"uv": [12, 0], "uv_size": [2, 9]},
								"up": {"uv": [2, 20], "uv_size": [2, 2]},
								"down": {"uv": [20, 15], "uv_size": [2, -2]}
							}
						},
						{
							"origin": [-7.188, 20.05698, -0.696],
							"size": [2.972, 0.592, 1.392],
							"uv": {
								"north": {"uv": [16, 4], "uv_size": [7, 2]},
								"east": {"uv": [15, 20], "uv_size": [2, 2]},
								"south": {"uv": [16, 6], "uv_size": [7, 2]},
								"west": {"uv": [17, 20], "uv_size": [2, 2]},
								"up": {"uv": [16, 8], "uv_size": [7, 2]},
								"down": {"uv": [16, 12], "uv_size": [7, -2]}
							}
						},
						{
							"origin": [-7.78821, 20.15316, -0.69904],
							"size": [0.89008, 0.59808, 1.39808],
							"inflate": -0.01,
							"pivot": [-7.24317, 20.5522, 0],
							"rotation": [0, 0, 30],
							"uv": {
								"north": {"uv": [16, 12], "uv_size": [4, 2]},
								"east": {"uv": [10, 21], "uv_size": [2, 2]},
								"south": {"uv": [14, 16], "uv_size": [4, 2]},
								"west": {"uv": [12, 21], "uv_size": [2, 2]},
								"up": {"uv": [16, 14], "uv_size": [4, 2]},
								"down": {"uv": [10, 20], "uv_size": [4, -2]}
							}
						},
						{
							"origin": [-4.42501, 20.08679, -0.69904],
							"size": [0.89008, 0.59808, 1.39808],
							"inflate": -0.01,
							"pivot": [-4.17997, 20.58583, 0],
							"rotation": [0, 0, -22.5],
							"uv": {
								"north": {"uv": [14, 18], "uv_size": [4, 2]},
								"east": {"uv": [21, 20], "uv_size": [2, 2]},
								"south": {"uv": [18, 16], "uv_size": [4, 2]},
								"west": {"uv": [2, 22], "uv_size": [2, 2]},
								"up": {"uv": [18, 18], "uv_size": [4, 2]},
								"down": {"uv": [4, 21], "uv_size": [4, -2]}
							}
						},
						{
							"origin": [-6.292, 32.74898, -0.2132],
							"size": [1.28, 4.136, 0.496],
							"uv": {
								"north": {"uv": [0, 0], "uv_size": [5, 15]},
								"east": {"uv": [14, 0], "uv_size": [1, 16]},
								"south": {"uv": [5, 0], "uv_size": [5, 15]},
								"west": {"uv": [15, 0], "uv_size": [1, 16]},
								"up": {"uv": [10, 20], "uv_size": [5, 1]},
								"down": {"uv": [20, 13], "uv_size": [5, -1]}
							}
						},
						{
							"origin": [-6.392, 21.74898, -0.3132],
							"size": [1.48, 12.136, 0.696],
							"uv": {
								"north": {"uv": [0, 2], "uv_size": [5, 14]},
								"east": {"uv": [14, 0], "uv_size": [1, 16]},
								"south": {"uv": [5, 2], "uv_size": [5, 14]},
								"west": {"uv": [15, 0], "uv_size": [1, 16]},
								"up": {"uv": [15, 1], "uv_size": [5, 1]},
								"down": {"uv": [20, 13], "uv_size": [5, -1]}
							}
						},
						{
							"origin": [-6.492, 20.64898, -0.4132],
							"size": [1.68, 6.136, 0.896],
							"uv": {
								"north": {"uv": [0, 2], "uv_size": [5, 14]},
								"east": {"uv": [14, 0], "uv_size": [1, 16]},
								"south": {"uv": [5, 2], "uv_size": [5, 14]},
								"west": {"uv": [15, 0], "uv_size": [1, 16]},
								"up": {"uv": [14, 1], "uv_size": [5, 1]},
								"down": {"uv": [20, 13], "uv_size": [5, -1]}
							}
						},
						{
							"origin": [-6.7352, 13.30098, -0.696],
							"size": [1.688, 1.688, 1.392],
							"pivot": [-5.7912, 14.04498, 0],
							"rotation": [0, 0, 50],
							"uv": {
								"north": {"uv": [4, 16], "uv_size": [3, 3]},
								"east": {"uv": [8, 19], "uv_size": [2, 3]},
								"south": {"uv": [7, 16], "uv_size": [3, 3]},
								"west": {"uv": [0, 20], "uv_size": [2, 3]},
								"up": {"uv": [20, 0], "uv_size": [3, 2]},
								"down": {"uv": [20, 4], "uv_size": [3, -2]}
							}
						},
						{
							"origin": [-6.30975, 35.9, -0.2129],
							"size": [0.95975, 0.95975, 0.49539],
							"inflate": 0.005,
							"pivot": [-5.14218, 36.41516, 0.2088],
							"rotation": [0, 0, 45],
							"uv": {
								"north": {"uv": [0, 16], "uv_size": [4, 4]},
								"east": {"uv": [19, 20], "uv_size": [1, 4]},
								"south": {"uv": [16, 0], "uv_size": [4, 4]},
								"west": {"uv": [20, 20], "uv_size": [1, 4]},
								"up": {"uv": [20, 15], "uv_size": [4, 1]},
								"down": {"uv": [4, 22], "uv_size": [4, -1]}
							}
						}
					]
				}
			]
		}
	]
}

////////////////////////////////By Yahirx Rps/////////////////////////////////////////