{
	"format_version": "1.12.0",
	"minecraft:geometry": [
		{
			"description": {
				"identifier": "geometry.diamond",
				"texture_width": 32,
				"texture_height": 32,
				"visible_bounds_width": 4,
				"visible_bounds_height": 3.5,
				"visible_bounds_offset": [0, 1.25, 0]
			},
			"bones": [
				{
					"name": "rightitem",
					"pivot": [-6, 15, 0],
					"rotation": [90, 0, -90],
					"cubes": [
						{
							"origin": [-5.662, 13.9927, -2],
							"size": [0.75, 0.7, 4.42],
							"uv": {
								"north": {"uv": [10, 28], "uv_size": [12, 2]},
								"east": {"uv": [10, 28], "uv_size": [12, 2]},
								"south": {"uv": [10, 28], "uv_size": [12, 2]},
								"west": {"uv": [10, 28], "uv_size": [12, 2]},
								"up": {"uv": [22, 30], "uv_size": [-12, -2]},
								"down": {"uv": [22, 30], "uv_size": [-12, -2]}
							}
						},
						{
							"origin": [-5.662, 14.7, -2.722],
							"size": [0.75, 0.7, 5.9],
							"uv": {
								"north": {"uv": [8, 26], "uv_size": [2, 2]},
								"east": {"uv": [8, 26], "uv_size": [16, 2]},
								"south": {"uv": [22, 26], "uv_size": [2, 2]},
								"west": {"uv": [8, 26], "uv_size": [16, 2]},
								"up": {"uv": [24, 28], "uv_size": [-16, -2]},
								"down": {"uv": [24, 28], "uv_size": [-2, -2]}
							}
						},
						{
							"origin": [-6.262, 14.7, -2.022],
							"size": [1.95, 0.7, 4.5],
							"uv": {
								"north": {"uv": [8, 26], "uv_size": [2, 2]},
								"east": {"uv": [10, 26], "uv_size": [12, 2]},
								"south": {"uv": [22, 26], "uv_size": [2, 2]},
								"west": {"uv": [10, 26], "uv_size": [12, 2]},
								"up": {"uv": [24, 28], "uv_size": [-16, -2]},
								"down": {"uv": [24, 28], "uv_size": [-2, -2]}
							}
						},
						{
							"origin": [-6.262, 21, -1.922],
							"size": [1.95, 0.7, 4.3],
							"uv": {
								"north": {"uv": [8, 26], "uv_size": [2, 2]},
								"east": {"uv": [10, 8], "uv_size": [12, 2]},
								"south": {"uv": [22, 26], "uv_size": [2, 2]},
								"west": {"uv": [10, 8], "uv_size": [12, 2]},
								"up": {"uv": [10, 10], "uv_size": [-2, -2]},
								"down": {"uv": [24, 28], "uv_size": [-2, -2]}
							}
						},
						{
							"origin": [-6.262, 21.7, -1.222],
							"size": [1.95, 0.7, 2.9],
							"uv": {
								"north": {"uv": [8, 26], "uv_size": [2, 2]},
								"east": {"uv": [12, 6], "uv_size": [8, 2]},
								"south": {"uv": [22, 26], "uv_size": [2, 2]},
								"west": {"uv": [12, 6], "uv_size": [8, 2]},
								"up": {"uv": [10, 10], "uv_size": [-2, -2]},
								"down": {"uv": [24, 28], "uv_size": [-2, -2]}
							}
						},
						{
							"origin": [-6.762, 21, -1.222],
							"size": [2.85, 0.7, 2.9],
							"uv": {
								"north": {"uv": [8, 26], "uv_size": [2, 2]},
								"east": {"uv": [12, 8], "uv_size": [8, 2]},
								"south": {"uv": [22, 26], "uv_size": [2, 2]},
								"west": {"uv": [12, 8], "uv_size": [8, 2]},
								"up": {"uv": [10, 10], "uv_size": [-2, -2]},
								"down": {"uv": [24, 28], "uv_size": [-2, -2]}
							}
						},
						{
							"origin": [-5.662, 21, -2.63],
							"size": [0.75, 0.7, 5.7],
							"uv": {
								"north": {"uv": [8, 8], "uv_size": [2, 2]},
								"east": {"uv": [8, 8], "uv_size": [16, 2]},
								"south": {"uv": [22, 8], "uv_size": [2, 2]},
								"west": {"uv": [8, 8], "uv_size": [16, 2]},
								"up": {"uv": [10, 10], "uv_size": [-2, -2]},
								"down": {"uv": [24, 10], "uv_size": [-16, -2]}
							}
						},
						{
							"origin": [-5.662, 21.7, -1.93],
							"size": [0.75, 0.7, 4.3],
							"uv": {
								"north": {"uv": [10, 6], "uv_size": [1, 2]},
								"east": {"uv": [10, 6], "uv_size": [12, 2]},
								"south": {"uv": [10, 6], "uv_size": [2, 2]},
								"west": {"uv": [10, 6], "uv_size": [12, 2]},
								"up": {"uv": [12, 8], "uv_size": [-2, -2]},
								"down": {"uv": [22, 8], "uv_size": [-12, -2]}
							}
						},
						{
							"origin": [-5.662, 22.4, -1.23],
							"size": [0.75, 0.7, 2.9],
							"uv": {
								"north": {"uv": [12, 4], "uv_size": [8, 2]},
								"east": {"uv": [12, 4], "uv_size": [8, 2]},
								"south": {"uv": [12, 4], "uv_size": [8, 2]},
								"west": {"uv": [12, 4], "uv_size": [8, 2]},
								"up": {"uv": [20, 6], "uv_size": [-8, -2]},
								"down": {"uv": [20, 6], "uv_size": [-8, -2]}
							}
						},
						{
							"origin": [-5.662, 15.4, -3.422],
							"size": [0.75, 0.7, 7.3],
							"uv": {
								"north": {"uv": [4, 20], "uv_size": [2, 2]},
								"east": {"uv": [6, 24], "uv_size": [20, 2]},
								"south": {"uv": [24, 24], "uv_size": [2, 2]},
								"west": {"uv": [6, 22], "uv_size": [20, 2]},
								"up": {"uv": [26, 26], "uv_size": [-20, -2]},
								"down": {"uv": [6, 22], "uv_size": [-2, -2]}
							}
						},
						{
							"origin": [-5.662, 16.1, -3.422],
							"size": [0.75, 0.7, 7.3],
							"uv": {
								"north": {"uv": [4, 20], "uv_size": [2, 2]},
								"east": {"uv": [6, 22], "uv_size": [20, 2]},
								"south": {"uv": [24, 22], "uv_size": [2, 2]},
								"west": {"uv": [6, 22], "uv_size": [20, 2]},
								"up": {"uv": [26, 24], "uv_size": [-20, -2]},
								"down": {"uv": [26, 24], "uv_size": [-20, -2]}
							}
						},
						{
							"origin": [-5.662, 16.8, -4.122],
							"size": [0.75, 0.7, 8.7],
							"uv": {
								"north": {"uv": [4, 20], "uv_size": [2, 2]},
								"east": {"uv": [4, 20], "uv_size": [24, 2]},
								"south": {"uv": [26, 20], "uv_size": [2, 2]},
								"west": {"uv": [4, 20], "uv_size": [24, 2]},
								"up": {"uv": [28, 22], "uv_size": [-24, -2]},
								"down": {"uv": [6, 22], "uv_size": [-2, -2]}
							}
						},
						{
							"origin": [-5.662, 17.5, -4.122],
							"size": [0.75, 0.7, 8.7],
							"uv": {
								"north": {"uv": [4, 18], "uv_size": [2, 2]},
								"east": {"uv": [4, 18], "uv_size": [24, 2]},
								"south": {"uv": [26, 18], "uv_size": [2, 2]},
								"west": {"uv": [4, 18], "uv_size": [24, 2]},
								"up": {"uv": [28, 20], "uv_size": [-24, -2]},
								"down": {"uv": [28, 20], "uv_size": [-24, -2]}
							}
						},
						{
							"origin": [-5.662, 18.9, -4.122],
							"size": [0.75, 0.7, 8.7],
							"uv": {
								"north": {"uv": [4, 14], "uv_size": [2, 2]},
								"east": {"uv": [4, 14], "uv_size": [24, 2]},
								"south": {"uv": [26, 14], "uv_size": [2, 2]},
								"west": {"uv": [4, 14], "uv_size": [24, 2]},
								"up": {"uv": [28, 17], "uv_size": [-2, -2]},
								"down": {"uv": [28, 16], "uv_size": [-24, -2]}
							}
						},
						{
							"origin": [-6.262, 16.8, -3.422],
							"size": [1.95, 2.8, 7.3],
							"uv": {
								"north": {"uv": [4, 14], "uv_size": [2, 2]},
								"east": {"uv": [6, 14], "uv_size": [20, 8]},
								"south": {"uv": [26, 14], "uv_size": [2, 2]},
								"west": {"uv": [6, 14], "uv_size": [20, 8]},
								"up": {"uv": [28, 17], "uv_size": [-2, -2]},
								"down": {"uv": [6, 16], "uv_size": [-2, -2]}
							}
						},
						{
							"origin": [-6.662, 16.8, -2.722],
							"size": [2.75, 2.8, 5.9],
							"uv": {
								"north": {"uv": [4, 14], "uv_size": [2, 2]},
								"east": {"uv": [8, 14], "uv_size": [16, 8]},
								"south": {"uv": [26, 14], "uv_size": [2, 2]},
								"west": {"uv": [8, 14], "uv_size": [16, 8]},
								"up": {"uv": [28, 17], "uv_size": [-2, -2]},
								"down": {"uv": [6, 16], "uv_size": [-2, -2]}
							}
						},
						{
							"origin": [-6.762, 19.6, -2.022],
							"size": [2.85, 1.4, 4.4],
							"uv": {
								"north": {"uv": [4, 14], "uv_size": [2, 2]},
								"east": {"uv": [10, 10], "uv_size": [12, 4]},
								"south": {"uv": [26, 14], "uv_size": [2, 2]},
								"west": {"uv": [10, 10], "uv_size": [12, 4]},
								"up": {"uv": [28, 17], "uv_size": [-2, -2]},
								"down": {"uv": [6, 16], "uv_size": [-2, -2]}
							}
						},
						{
							"origin": [-6.662, 15.4, -2.022],
							"size": [2.75, 1.4, 4.4],
							"uv": {
								"north": {"uv": [4, 14], "uv_size": [2, 2]},
								"east": {"uv": [10, 22], "uv_size": [12, 4]},
								"south": {"uv": [26, 14], "uv_size": [2, 2]},
								"west": {"uv": [10, 22], "uv_size": [12, 4]},
								"up": {"uv": [28, 17], "uv_size": [-2, -2]},
								"down": {"uv": [6, 16], "uv_size": [-2, -2]}
							}
						},
						{
							"origin": [-6.262, 19.6, -2.722],
							"size": [1.95, 1.4, 5.8],
							"uv": {
								"north": {"uv": [4, 14], "uv_size": [2, 2]},
								"east": {"uv": [8, 10], "uv_size": [16, 4]},
								"south": {"uv": [26, 14], "uv_size": [2, 2]},
								"west": {"uv": [8, 10], "uv_size": [16, 4]},
								"up": {"uv": [28, 17], "uv_size": [-2, -2]},
								"down": {"uv": [6, 16], "uv_size": [-2, -2]}
							}
						},
						{
							"origin": [-6.262, 15.4, -2.722],
							"size": [1.95, 1.4, 5.9],
							"uv": {
								"north": {"uv": [4, 14], "uv_size": [2, 2]},
								"east": {"uv": [8, 10], "uv_size": [16, 4]},
								"south": {"uv": [26, 14], "uv_size": [2, 2]},
								"west": {"uv": [8, 10], "uv_size": [16, 4]},
								"up": {"uv": [28, 17], "uv_size": [-2, -2]},
								"down": {"uv": [6, 16], "uv_size": [-2, -2]}
							}
						},
						{
							"origin": [-5.662, 19.6, -3.39],
							"size": [0.75, 1.4, 7.22],
							"uv": {
								"north": {"uv": [6, 10], "uv_size": [2, 4]},
								"east": {"uv": [6, 10], "uv_size": [20, 4]},
								"south": {"uv": [24, 10], "uv_size": [2, 4]},
								"west": {"uv": [6, 10], "uv_size": [20, 4]},
								"up": {"uv": [26, 14], "uv_size": [-2, -4]},
								"down": {"uv": [26, 14], "uv_size": [-20, -4]}
							}
						},
						{
							"origin": [-5.662, 18.2, -4.122],
							"size": [0.75, 0.7, 8.7],
							"uv": {
								"north": {"uv": [4, 16], "uv_size": [2, 2]},
								"east": {"uv": [4, 16], "uv_size": [24, 2]},
								"south": {"uv": [26, 16], "uv_size": [2, 2]},
								"west": {"uv": [4, 16], "uv_size": [24, 2]},
								"up": {"uv": [28, 18], "uv_size": [-24, -2]},
								"down": {"uv": [28, 18], "uv_size": [-24, -2]}
							}
						}
					]
				}
			]
		}
	]
}