{
	"format_version": "1.10.0",
	"geometry.irongolem": {
		"texturewidth": 128,
		"textureheight": 256,
		"visible_bounds_width": 3,
		"visible_bounds_height": 4,
		"visible_bounds_offset": [0, 2, 0],
		"bones": [
			{
				"name": "body",
				"pivot": [0, 31, 0],
				"cubes": [
					{"origin": [-9, 21, -6], "size": [18, 12, 11], "uv": [0, 40]},
					{"origin": [-4.5, 16, -3], "size": [9, 5, 6], "uv": [0, 70], "inflate": 0.5},
					{"origin": [-9, 8, -6], "size": [18, 17, 12], "uv": [0, 227]},
					{"origin": [-10, 25, -8], "size": [20, 11, 16], "uv": [0, 200]}
				]
			},
			{
				"name": "rotation2",
				"parent": "body",
				"pivot": [0, 0, 0],
				"rotation": [0, 45, 0]
			},
			{
				"name": "top2",
				"parent": "rotation2",
				"pivot": [0, 0, 0],
				"cubes": [
					{"origin": [-8, 36, 0], "size": [16, 16, 0], "uv": [0, 162]}
				]
			},
			{
				"name": "rotation",
				"parent": "body",
				"pivot": [0, 0, 0],
				"rotation": [0, -45, 0]
			},
			{
				"name": "top",
				"parent": "rotation",
				"pivot": [0, 0, 0],
				"cubes": [
					{"origin": [-8, 36, 0], "size": [16, 16, 0], "uv": [0, 162]}
				]
			},
			{
				"name": "head",
				"parent": "body",
				"pivot": [0, 31, -2],
				"cubes": [
					{"origin": [-4, 33, -7.5], "size": [8, 10, 8], "uv": [0, 0]},
					{"origin": [-1, 32, -9.5], "size": [2, 4, 2], "uv": [24, 0]},
					{"origin": [-6.5, 20, -16], "size": [13, 12, 10], "uv": [0, 178]}
				],
				"locators": {
					"lead": [0, 31, -2]
				}
			},
			{
				"name": "arm0",
				"parent": "body",
				"pivot": [0, 31, 0],
				"cubes": [
					{"origin": [-13, 3.5, -3], "size": [4, 30, 6], "uv": [60, 21]},
					{"origin": [-15, 4, -4], "size": [5, 29, 8], "uv": [102, 108], "inflate": 0.5},
					{"origin": [-15, 4, -4], "size": [5, 29, 8], "uv": [102, 182]}
				]
			},
			{
				"name": "arm1",
				"parent": "body",
				"pivot": [0, 31, 0],
				"cubes": [
					{"origin": [9, 3.5, -3], "size": [4, 30, 6], "uv": [60, 58]},
					{"origin": [10, 4, -4], "size": [5, 29, 8], "uv": [102, 145], "inflate": 0.5},
					{"origin": [10, 4, -4], "size": [5, 29, 8], "uv": [102, 219]}
				]
			},
			{
				"name": "leg0",
				"parent": "body",
				"pivot": [-4, 13, 0],
				"cubes": [
					{"origin": [-7.5, 0, -3], "size": [6, 16, 5], "uv": [37, 0]},
					{"origin": [-8, 0, -3], "size": [6, 8, 6], "uv": [78, 228]}
				]
			},
			{
				"name": "leg1",
				"parent": "body",
				"pivot": [5, 13, 0],
				"mirror": true,
				"cubes": [
					{"origin": [1.5, 0, -3], "size": [6, 16, 5], "uv": [60, 0]},
					{"origin": [2, 0, -3], "size": [6, 8, 6], "uv": [78, 242], "mirror": false}
				]
			}
		]
	}
}