{
	"format_version": "1.12.0",
	"minecraft:geometry": [
		{
			"description": {
				"identifier": "geometry.shovel_item_hand",
				"texture_width": 16,
				"texture_height": 16,
				"visible_bounds_width": 4,
				"visible_bounds_height": 3.5,
				"visible_bounds_offset": [0, 1.25, 0]
			},
			"bones": [
				{
					"name": "rightitem",
					"pivot": [-6, 15, 0],
					"rotation": [90, 15, 90],
					"cubes": [
						{
							"origin": [-6.42064, 14.5, -0.69904],
							"size": [1.39808, 16.27008, 1.39808],
							"inflate": -0.01,
							"uv": {
								"north": {"uv": [2, 0], "uv_size": [2, 16]},
								"east": {"uv": [2, 0], "uv_size": [2, 16]},
								"south": {"uv": [2, 0], "uv_size": [2, 16]},
								"west": {"uv": [2, 0], "uv_size": [2, 16]},
								"up": {"uv": [8, 5], "uv_size": [1, 1]},
								"down": {"uv": [8, 7], "uv_size": [1, -1]}
							}
						},
						{
							"origin": [-6.52064, 18.5, -0.79904],
							"size": [1.59808, 3.27008, 1.59808],
							"inflate": -0.01,
							"uv": {
								"north": {"uv": [2, 9], "uv_size": [1, 3]},
								"east": {"uv": [2, 9], "uv_size": [1, 3]},
								"south": {"uv": [2, 9], "uv_size": [1, 3]},
								"west": {"uv": [2, 9], "uv_size": [1, 3]},
								"up": {"uv": [3, 10], "uv_size": [-1, -1]},
								"down": {"uv": [3, 12], "uv_size": [-1, -1]}
							}
						},
						{
							"origin": [-7.388, 31.8, 1.0302],
							"size": [3.82, 5.004, 0.744],
							"inflate": 0.2,
							"uv": {
								"north": {"uv": [4, 0], "uv_size": [3, 3]},
								"east": {"uv": [7, 0], "uv_size": [1, 3]},
								"south": {"uv": [4, 3], "uv_size": [3, 3]},
								"west": {"uv": [7, 3], "uv_size": [1, 3]},
								"up": {"uv": [8, 0], "uv_size": [3, 1]},
								"down": {"uv": [8, 2], "uv_size": [3, -1]}
							}
						},
						{
							"origin": [-7.388, 30.9, -1.8698],
							"size": [3.82, 0.504, 2.544],
							"inflate": 0.2,
							"uv": {
								"north": {"uv": [4, 2], "uv_size": [3, 1]},
								"east": {"uv": [4, 2], "uv_size": [3, 1]},
								"south": {"uv": [4, 2], "uv_size": [3, 1]},
								"west": {"uv": [4, 2], "uv_size": [3, 1]},
								"up": {"uv": [7, 3], "uv_size": [-3, -1]},
								"down": {"uv": [7, 3], "uv_size": [-3, -1]}
							}
						},
						{
							"origin": [-3.188, 31.8, -1.8698],
							"size": [0.42, 5.004, 2.644],
							"inflate": 0.2,
							"uv": {
								"north": {"uv": [4, 0], "uv_size": [1, 3]},
								"east": {"uv": [7, 0], "uv_size": [1, 3]},
								"south": {"uv": [4, 3], "uv_size": [1, 3]},
								"west": {"uv": [7, 3], "uv_size": [1, 3]},
								"up": {"uv": [5, 0], "uv_size": [-1, 3]},
								"down": {"uv": [8, 2], "uv_size": [3, -1]}
							}
						},
						{
							"origin": [-8.188, 31.8, -1.8698],
							"size": [0.42, 5.004, 2.644],
							"inflate": 0.2,
							"uv": {
								"north": {"uv": [4, 0], "uv_size": [1, 3]},
								"east": {"uv": [7, 0], "uv_size": [1, 3]},
								"south": {"uv": [6, 3], "uv_size": [1, 3]},
								"west": {"uv": [7, 3], "uv_size": [1, 3]},
								"up": {"uv": [6, 0], "uv_size": [1, 3]},
								"down": {"uv": [8, 2], "uv_size": [3, -1]}
							}
						}
					]
				}
			]
		}
	]
}

////////////////////////////////By Yahirx Rps/////////////////////////////////////////