{
  "format_version": "1.10.0",
  "minecraft:attachable": {
    "description": {
      "identifier": "minecraft:cake",
      "materials": {
        "default": "entity_alphatest"
      },
      "textures": {
        "default": "textures/blocks/cake"
      },
      "geometry": {
        "default": "geometry.cake_hand"
      },
      "animations": {
        "wield": "animation.cakehand.first_person_wield",
        "default": "animation.cakehand.default"
      },
      "scripts": {
        "animate": [
          { "wield": "c.is_first_person && c.item_slot == 'main_hand' && q.get_equipped_item_name == 'cake'"
          },
          { "default": "!c.is_first_person && c.item_slot == 'main_hand' && q.get_equipped_item_name == 'cake'"
          }
        ]
      },
      "render_controllers": [ "controller.render.cake_hand" ]
    }
  }
}
