{
  "format_version": "1.10.0",
  "minecraft:attachable": {
    "description": {
      "identifier": "minecraft:campfire",
      "materials": {
        "default": "phantom"
      },
      "textures": {
        "default": "textures/campfire"
      },
      "geometry": {
        "default": "geometry.campfire_hand"
      },
      "animations": {
        "wield": "animation.campfire.first_person_wield",
        "default": "animation.campfirehand.default"
      },
      "scripts": {
        "animate": [
          { "wield": "c.is_first_person && c.item_slot == 'main_hand' && q.get_equipped_item_name == 'campfire'"
          },
          { "default": "!c.is_first_person && c.item_slot == 'main_hand' && q.get_equipped_item_name == 'campfire'"
          }
        ]
      },
      "render_controllers": [ "controller.render.campfire_hand" ]
    }
  }
}
