{
  "format_version": "1.10.0",
  "minecraft:attachable": {
    "description": {
      "identifier": "minecraft:copper_ingot",
      "materials": {
        "default": "phantom"
      },
      "textures": {
        "default": "textures/copper_ingot"
      },
      "geometry": {
        "default": "geometry.ingot_hand"
      },
      "animations": {
        "wield": "animation.ingot.first_person_wield",
        "default": "animation.ingothand.default"
      },
      "scripts": {
        "animate": [
          { "wield": "c.is_first_person && c.item_slot == 'main_hand' && q.get_equipped_item_name == 'ingot'"
          },
          { "default": "!c.is_first_person && c.item_slot == 'main_hand' && q.get_equipped_item_name == 'ingot'"
          }
        ]
      },
      "render_controllers": [ "controller.render.ingot_hand" ]
    }
  }
}
