{
  "format_version": "1.10.0",
  "minecraft:attachable": {
    "description": {
      "identifier": "minecraft:ender_eye",
      "materials": {
        "default": "skeleton"
      },
      "textures": {
        "default": "textures/blocks/ender_eye"
      },
      "geometry": {
        "default": "geometry.ender_pearl"
      },
      "animations": {
        "first_person": "animation.item.first_person"
      },
      "scripts": {
        "animate": [
          {
            "first_person": "c.is_first_person"
          }
        ]
      },
      "render_controllers": [ "controller.render.item" ]
    }
  }
}
