{
  "format_version": "1.10.0",
  "minecraft:attachable": {
    "description": {
      "identifier": "minecraft:flower_pot",
      "materials": {
        "default": "entity_alphatest"
      },
      "textures": {
        "default": "textures/blocks/flower_pot"
      },
      "geometry": {
        "default": "geometry.flower_pot_hand"
      },
      "animations": {
        "wield": "animation.flower_pothand.first_person_wield",
        "default": "animation.flower_pothand.default"
      },
      "scripts": {
        "animate": [
          { "wield": "c.is_first_person && c.item_slot == 'main_hand' && q.get_equipped_item_name == 'flower_pot'"
          },
          { "default": "!c.is_first_person && c.item_slot == 'main_hand' && q.get_equipped_item_name == 'flower_pot'"
          }
        ]
      },
      "render_controllers": [ "controller.render.flower_pot_hand" ]
    }
  }
}
