{
  "format_version": "1.10.0",
  "minecraft:attachable": {
    "description": {
      "identifier": "minecraft:soul_campfire",
      "materials": {
        "default": "phantom"
      },
      "textures": {
        "default": "textures/soul_campfire"
      },
      "geometry": {
        "default": "geometry.soul_campfire_hand"
      },
      "animations": {
        "wield": "animation.soul_campfire.first_person_wield",
        "default": "animation.soul_campfirehand.default"
      },
      "scripts": {
        "animate": [
          { "wield": "c.is_first_person && c.item_slot == 'main_hand' && q.get_equipped_item_name == 'soul_campfire'"
          },
          { "default": "!c.is_first_person && c.item_slot == 'main_hand' && q.get_equipped_item_name == 'soul_campfire'"
          }
        ]
      },
      "render_controllers": [ "controller.render.soul_campfire_hand" ]
    }
  }
}
