{
	"format_version": "1.16.0",
	"minecraft:geometry": [
		{
			"description": {
				"identifier": "geometry.shield",
				"texture_width": 64,
				"texture_height": 64,
				"visible_bounds_width": 3,
				"visible_bounds_height": 4.5,
				"visible_bounds_offset": [0, 1.75, 0]
			},
			"bones": [
				{
					"name": "shield",
					"pivot": [1, 15.5, 3],
					"binding": "q.item_slot_to_bone_name(c.item_slot)",
					"cubes": [
						{"origin": [0, 25, 0], "size": [2, 6, 6], "uv": [26, 0]},
						{"origin": [-5, 17, -1], "size": [12, 22, 1], "uv": [0, 0]},
						{"origin": [-7.42924, 30.813, -0.26034], "size": [10, 6, 0], "pivot": [3.5597, 27.73267, -0.8397], "rotation": [26.71935, 4.23749, 73.11974], "uv": [34, 43], "mirror": true},
						{"origin": [-13.37076, 27.613, -1.66034], "size": [10, 6, 0], "pivot": [-3.5597, 27.73267, -0.8397], "rotation": [34.35323, 3.39421, -94.95056], "uv": [34, 43]},
						{"origin": [2.17076, 28.013, -0.26034], "size": [10, 6, 0], "pivot": [3.5597, 27.73267, -0.8397], "rotation": [90, 0, 90], "uv": [34, 43], "mirror": true},
						{"origin": [-8.82924, 28.013, -6.26034], "size": [10, 6, 0], "pivot": [3.5597, 27.73267, -0.8397], "rotation": [90, 0, 90], "uv": [34, 43], "mirror": true},
						{"origin": [-1.02924, 28.11299, -4.26034], "size": [5, 6, 0], "pivot": [3.5597, 27.73267, -0.8397], "rotation": [90, 0, 0], "uv": [26, 23], "mirror": true},
						{"origin": [-7.02924, 28.11299, 6.73966], "size": [5, 6, 0], "pivot": [3.5597, 27.73267, -0.8397], "rotation": [90, 0, 0], "uv": [26, 23], "mirror": true},
						{"origin": [-1.62924, 28.113, 6.73966], "size": [5, 6, 0], "pivot": [3.5597, 27.73267, -0.8397], "rotation": [90, 0, 0], "uv": [46, 54], "mirror": true},
						{"origin": [4.37076, 28.113, -4.26034], "size": [5, 6, 0], "pivot": [3.5597, 27.73267, -0.8397], "rotation": [90, 0, 0], "uv": [46, 54], "mirror": true}
					]
				}
			]
		}
	]
}