{
  "format_version": "1.10.0",
  "minecraft:attachable": {
    "description": {
      "identifier": "minecraft:acacia_boat",
      "materials": {
        "default": "entity_alphatest"
      },
      "textures": {
        "default": "textures/entity/boat/boat_acacia"
      },
      "geometry": {
        "default": "geometry.boat_hand"
      },
      "animations": {
        "wield": "animation.boathand.first_person_wield",
        "default": "animation.boathand.default"
      },
      "scripts": {
        "animate": [
          { "wield": "c.is_first_person && c.item_slot == 'main_hand' && q.get_equipped_item_name == 'acacia_boat'"
          },
          { "default": "!c.is_first_person && c.item_slot == 'main_hand' && q.get_equipped_item_name == 'acacia_boat'"
          }
        ]
      },
      "render_controllers": [ "controller.render.boat_hand" ]
    }
  }
}
