{"padding":8,"resource_pack_name":"vanilla","texture_data":{"hopper_outside_west":{"textures":["textures/blocks/hopper_outside","textures/blocks/hopper_outside","textures/blocks/hopper_outside/hopper_outside_left","textures/blocks/hopper_outside/hopper_outside_right","textures/blocks/hopper_outside","textures/blocks/hopper_outside","textures/blocks/hopper_outside","textures/blocks/hopper_outside","textures/blocks/hopper_outside","textures/blocks/hopper_outside","textures/blocks/hopper_outside/hopper_outside_left_powered","textures/blocks/hopper_outside/hopper_outside_right_powered","textures/blocks/hopper_outside","textures/blocks/hopper_outside","textures/blocks/hopper_outside","textures/blocks/hopper_outside"]},"waxed_exposed_copper":{"textures":"textures/blocks/waxed/waxed_exposed_copper"},"waxed_exposed_copper_stairs1":{"textures":"textures/blocks/waxed/waxed_exposed_copper_stairs1"},"waxed_exposed_copper_stairs2":{"textures":"textures/blocks/waxed/waxed_exposed_copper_stairs2"},"observer_bottom":{"textures":["textures/blocks/observer_top","textures/blocks/observer_top_lit"]},"hopper_top":{"textures":["textures/blocks/hopper_top/hopper_top_down","textures/blocks/hopper_top/hopper_top_up","textures/blocks/hopper_top/hopper_top_north","textures/blocks/hopper_top/hopper_top_south","textures/blocks/hopper_top/hopper_top_west","textures/blocks/hopper_top/hopper_top_east","textures/blocks/hopper_top","textures/blocks/hopper_top","textures/blocks/hopper_top/hopper_top_down_powered","textures/blocks/hopper_top/hopper_top_up_powered","textures/blocks/hopper_top/hopper_top_north_powered","textures/blocks/hopper_top/hopper_top_south_powered","textures/blocks/hopper_top/hopper_top_west_powered","textures/blocks/hopper_top/hopper_top_east_powered","textures/blocks/hopper_top","textures/blocks/hopper_top"]},"infested_deepslate_top":{"textures":"textures/blocks/infested/deepslate_top"},"observer_north":{"textures":["textures/blocks/observer_front","textures/blocks/observer_front_lit"]},"waxed_exposed_copper_double1":{"textures":"textures/blocks/waxed/waxed_exposed_copper_double1"},"waxed_exposed_copper_double2":{"textures":"textures/blocks/waxed/waxed_exposed_copper_double2"},"hopper_outside_north":{"textures":["textures/blocks/hopper_outside","textures/blocks/hopper_outside","textures/blocks/hopper_outside","textures/blocks/hopper_outside","textures/blocks/hopper_outside/hopper_outside_right","textures/blocks/hopper_outside/hopper_outside_left","textures/blocks/hopper_outside","textures/blocks/hopper_outside","textures/blocks/hopper_outside","textures/blocks/hopper_outside","textures/blocks/hopper_outside","textures/blocks/hopper_outside","textures/blocks/hopper_outside/hopper_outside_right_powered","textures/blocks/hopper_outside/hopper_outside_left_powered","textures/blocks/hopper_outside","textures/blocks/hopper_outside"]},"piston_side_sticky":{"textures":"textures/blocks/piston_side_sticky"},"observer_east":{"textures":["textures/blocks/observer_side","textures/blocks/observer_side_lit"]},"waxed_weathered_copper_stairs2":{"textures":"textures/blocks/waxed/waxed_weathered_copper_stairs2"},"waxed_weathered_cut_copper":{"textures":"textures/blocks/waxed/waxed_weathered_cut_copper"},"hopper_outside_south":{"textures":["textures/blocks/hopper_outside","textures/blocks/hopper_outside","textures/blocks/hopper_outside","textures/blocks/hopper_outside","textures/blocks/hopper_outside/hopper_outside_left","textures/blocks/hopper_outside/hopper_outside_right","textures/blocks/hopper_outside","textures/blocks/hopper_outside","textures/blocks/hopper_outside","textures/blocks/hopper_outside","textures/blocks/hopper_outside","textures/blocks/hopper_outside","textures/blocks/hopper_outside/hopper_outside_left_powered","textures/blocks/hopper_outside/hopper_outside_right_powered","textures/blocks/hopper_outside","textures/blocks/hopper_outside"]},"waxed_oxidized_copper_stairs1":{"textures":"textures/blocks/waxed/waxed_oxidized_copper_stairs1"},"infested_blocks":{"textures":["textures/blocks/infested/cobblestone","textures/blocks/infested/stone_bricks","textures/blocks/infested/mossy_stone_bricks","textures/blocks/infested/cracked_stone_bricks","textures/blocks/infested/chiseled_stone_bricks","textures/blocks/infested/stone"]},"waxed_oxidized_cut_copper":{"textures":"textures/blocks/waxed/waxed_oxidized_cut_copper"},"waxed_oxidized_copper_stairs2":{"textures":"textures/blocks/waxed/waxed_oxidized_copper_stairs2"},"waxed_copper_double2":{"textures":"textures/blocks/waxed/waxed_copper_double2"},"waxed_copper_double1":{"textures":"textures/blocks/waxed/waxed_copper_double1"},"waxed_oxidized_copper_double2":{"textures":"textures/blocks/waxed/waxed_oxidized_copper_double2"},"observer_west":{"textures":["textures/blocks/observer_side","textures/blocks/observer_side_lit"]},"bookshelf":{"textures":{"variations":[{"path":"textures/blocks/bookshelf/0"},{"path":"textures/blocks/bookshelf/1"},{"path":"textures/blocks/bookshelf/2"},{"path":"textures/blocks/bookshelf/3"},{"path":"textures/blocks/bookshelf/4"},{"path":"textures/blocks/bookshelf/5"},{"path":"textures/blocks/bookshelf/6"}]}},"waxed_oxidized_copper_double1":{"textures":"textures/blocks/waxed/waxed_oxidized_copper_double1"},"waxed_copper_stairs2":{"textures":"textures/blocks/waxed/waxed_copper_stairs2"},"dirt":{"textures":[{"variations":[{"path":"textures/blocks/dirt/0"},{"path":"textures/blocks/dirt/1"},{"path":"textures/blocks/dirt/2"},{"path":"textures/blocks/dirt/3"},{"path":"textures/blocks/dirt/4"},{"path":"textures/blocks/dirt/5"},{"path":"textures/blocks/dirt/6"},{"path":"textures/blocks/dirt/7"},{"path":"textures/blocks/dirt/8"},{"path":"textures/blocks/dirt/9"},{"path":"textures/blocks/dirt/10"},{"path":"textures/blocks/dirt/11"},{"path":"textures/blocks/dirt/12"},{"path":"textures/blocks/dirt/13"},{"path":"textures/blocks/dirt/14"},{"path":"textures/blocks/dirt/15"}]},{"variations":[{"path":"textures/blocks/coarse_dirt/0"},{"path":"textures/blocks/coarse_dirt/1"},{"path":"textures/blocks/coarse_dirt/2"},{"path":"textures/blocks/coarse_dirt/3"},{"path":"textures/blocks/coarse_dirt/4"},{"path":"textures/blocks/coarse_dirt/5"},{"path":"textures/blocks/coarse_dirt/6"},{"path":"textures/blocks/coarse_dirt/7"},{"path":"textures/blocks/coarse_dirt/8"},{"path":"textures/blocks/coarse_dirt/9"},{"path":"textures/blocks/coarse_dirt/10"},{"path":"textures/blocks/coarse_dirt/11"},{"path":"textures/blocks/coarse_dirt/12"},{"path":"textures/blocks/coarse_dirt/13"},{"path":"textures/blocks/coarse_dirt/14"},{"path":"textures/blocks/coarse_dirt/15"}]}]},"piston_top_sticky":{"textures":"textures/blocks/piston_top_sticky"},"waxed_weathered_copper_stairs1":{"textures":"textures/blocks/waxed/waxed_weathered_copper_stairs1"},"waxed_cut_copper":{"textures":"textures/blocks/waxed/waxed_cut_copper"},"hopper_outside_east":{"textures":["textures/blocks/hopper_outside","textures/blocks/hopper_outside","textures/blocks/hopper_outside/hopper_outside_right","textures/blocks/hopper_outside/hopper_outside_left","textures/blocks/hopper_outside","textures/blocks/hopper_outside","textures/blocks/hopper_outside","textures/blocks/hopper_outside","textures/blocks/hopper_outside","textures/blocks/hopper_outside","textures/blocks/hopper_outside/hopper_outside_right_powered","textures/blocks/hopper_outside/hopper_outside_left_powered","textures/blocks/hopper_outside","textures/blocks/hopper_outside","textures/blocks/hopper_outside","textures/blocks/hopper_outside"]},"observer_top":{"textures":["textures/blocks/observer_top","textures/blocks/observer_top_lit"]},"waxed_copper_stairs1":{"textures":"textures/blocks/waxed/waxed_copper_stairs1"},"infested_deepslate":{"textures":"textures/blocks/infested/deepslate"},"waxed_oxidized_copper":{"textures":"textures/blocks/waxed/waxed_oxidized_copper"},"waxed_weathered_copper":{"textures":"textures/blocks/waxed/waxed_weathered_copper"},"observer_south":{"textures":["textures/blocks/observer_back","textures/blocks/observer_back_lit"]},"waxed_copper_block":{"textures":"textures/blocks/waxed/waxed_copper_block"},"waxed_exposed_cut_copper":{"textures":"textures/blocks/waxed/waxed_exposed_cut_copper"},"waxed_weathered_copper_double2":{"textures":"textures/blocks/waxed/waxed_weathered_copper_double2"},"waxed_weathered_copper_double1":{"textures":"textures/blocks/waxed/waxed_weathered_copper_double1"}},"texture_name":"atlas.terrain","num_mip_levels":4}